"";"filenames";"tabloid";"non_tabloid";"is_tabloid";"title";"fakt";"pap";"topics";"image";"mediagallery"
"1";2183808309;1;2;FALSE;"Jak przygotowaæ siê do wakacyjnego wyjazdu do W³och - informacje praktyczne";0;0;"w³ochy,abc,poradnik";1;0
"2";3814465425;0;2;FALSE;"Dlaczego wybieramy niezdrowe jedzenie?";1;0;"kuchnia,niezdrowe jedzenie,dlaczego nie lubimy zdrowego jedzenia,lubiê niezdrowe jedzenie,fast foody a zdrowe jedzenie";1;0
"3";1925279945;0;2;FALSE;"Szyd³o: do wyborów idziemy z has³em ""Praca, nie obietnice""";0;1;"praca,kraj,podatki,emerytury,finanse,cit,bud¿et,po,pis";1;0
"4";3734025271;1;1;FALSE;"Nie ¿yje Gary Richrath z grupy rockowej REO Speedwagon";0;0;"reo speedwagon,muzyka,œmieræ,rock";0;0
"5";2336577417;0;3;FALSE;"Apple planuje wejœcie na rynek konsol?";0;0;"apple";1;0
"6";4947209925;3;0;TRUE;"Chcesz ¿yæ d³ugo? Jedz surowe jajka i strze¿ siê mê¿czyzn";1;0;"zdrowie i fitness,emma morano,jak byæ zdrowym,dieta emmy morano,diety znanych";1;0
"7";5695680283;0;1;FALSE;"W szko³ach wiêcej wypadków ni¿ w górnictwie";0;0;"wiadomoœci z rynku pracy,kraj";1;0
"8";4792085147;0;1;FALSE;"Xbox One pozwoli streamowaæ gry na PC w 1080p i 60 klatkach na sekundê";0;0;"xbox one";1;0
"9";4781828169;0;2;FALSE;"Ekspert: wybory w Grecji nie podwa¿¹ realizacji programu pomocowego";0;1;"grecja,ue,grecja na krawêdzi bankructwa,magazyn finanse,finanse publiczne";1;0
"10";4504246362;0;2;FALSE;"PKW publikuje pierwsze, cz¹stkowe wyniki referendum";0;0;"referendum w sprawie jow,pkw,kraj";1;0
"11";3259914714;1;1;FALSE;"Ignorancja i g³upota";0;0;"opinie";1;0
"12";3976393772;2;0;TRUE;"Piotr Duda: chciano mnie zdyskredytowaæ jako krezusa";0;0;"solidarnoœæ,kraj,piotr duda";1;0
"13";2274291443;0;3;FALSE;"Wa¿ne dane dla dolara w tym tygodniu";0;0;"komentarze walutowe,eurusd,eurpln";0;0
"14";4508324632;0;3;FALSE;"Senat odrzuci³ wniosek prezydenta Andrzeja Dudy ws. paŸdziernikowego referendum";0;1;"referendum,kraj,andrzej duda,senat";1;0
"15";4119764154;0;3;FALSE;"Grecja: Cipras ponownie nie uzyska³ wiêkszoœci rz¹dowej";0;1;"grecja,œwiat";1;0
"16";4786590096;0;1;FALSE;"Prezydent podpisa³ ustawê o kredytach na nowe technologie";0;1;"prawo,kraj,magazyn finanse,wiadomoœci";1;0
"17";4832971950;0;2;FALSE;"Ekspert: propozycje PO zaszkodz¹ etatowcom, a nie pomog¹ prekariuszom";0;1;"prawo pracy,po,kraj,wiadomoœci z rynku pracy,zatrudnienie";1;0
"18";4887854710;1;0;TRUE;"Wcisnêli mi bubel!";1;0;"konsument,emerytka,oszukana,halina gwizda³a,koenzym,q10";1;0
"19";3533522332;0;1;FALSE;"Unijni urzêdnicy wydaj¹ astronomiczne kwoty";0;1;"administracja publiczna,pe,ue,ke,koszty";1;0
"20";5393864985;2;1;TRUE;"Gwiezdne wojny: Przebudzenie mocy: nowy klip w sieci";0;0;"gwiezdne wojny: czêœæ vii - przebudzenie mocy,film,filmy";1;0
"21";5843894216;0;1;FALSE;"Mission: Impossible - Rogue Nation wci¹¿ na szczycie box office USA";0;0;"mission: impossible - rogue nation,film";1;0
"22";3096416130;1;0;TRUE;"Te badania szokuj¹. M³odzie¿ nie wie z kim chce uprawiaæ seks";1;0;"seks i emocje,wielka brytania,seks,orientacja seksualna,heteroseksualni,homoseksualni,homoseksualizm,zwi¹zki,badania,sonda¿";1;0
"23";4310119873;0;1;FALSE;"American Horror Story: Hotel: Lady Gaga urz¹dzi³a tematyczn¹ imprezê dla obsady serialu";0;0;"american horror story: hotel (serial),lady gaga,seriale";1;0
"24";5095433942;0;3;FALSE;"Fragment: ""Kasacja"" Remigiusz Mróz";0;0;"remigiusz mróz,ksi¹¿ki,fragmenty ksi¹¿ek,kasacja,zaginiêcie";1;0
"25";5690529259;0;2;FALSE;"Zembala na manifestacji pielêgniarek: podwy¿ka 1600 z³ roz³o¿ona na 4 lata";0;1;"s³u¿ba zdrowia,wiadomoœci z rynku pracy,zarobki,medycyna";1;0
"26";2364235107;3;2;TRUE;"Best Look: Elisa Sednaoui w komplecie Alberta Ferretti";0;0;"styl gwiazd";1;0
"27";2416142839;5;0;TRUE;"Sêdzia okrad³ Benzemê";1;0;"mundial 2014,mistrzostwa œwiata w brazylii,szwajcaria - francja,karim benzema,nieuznany gol,bjorn kuipers";0;0
"28";4705639661;0;1;FALSE;" Europejska Nagroda Obywatelska dla Fundacji Oswoiæ Los";0;1;"fundacja,kraj,parlament europejski";0;0
"29";4802982543;2;0;TRUE;"10 sposobów na to, jak nie daæ siê rutynie w zwi¹zku";1;0;"seks i emocje,rutyna w zwi¹zku,zwi¹zek,sympatia.pl,sympatia,uczucia,mi³oœæ,relacje,jak utrzymaæ zwi¹zek";1;0
"30";5518698261;1;0;TRUE;"Mata ochronna za 49 z³otych";1;0;"konsument,promocje,mata ochronna";1;0
"31";3622996067;0;5;FALSE;"UE daje pieniêdze na nowe miejsca pracy w Polsce";0;1;"kraj,wiadomoœci z rynku pracy,bezrobocie";1;0
"32";4594224559;0;2;FALSE;"Kopacz: Rada Krajowa PO zbierze siê najprawdopodobniej pod koniec tygodnia";0;1;"ewa kopacz,po,wybory parlamentarne 2015,kraj";0;0
"33";4409609238;0;3;FALSE;"Ostróda gospodarzem, a Polska faworytem mistrzostw œwiata w rozwi¹zywaniu zadañ szachowych";0;0;"szachy";1;0
"34";2663949397;2;2;FALSE;"MŒ: zagraniczne media zachwycone Anit¹ W³odarczyk";0;1;"lekkoatletyczne mistrzostwa œwiata w pekinie,anita w³odarczyk,rzut m³otem,lekkoatletyka";1;0
"35";3739929759;2;1;TRUE;"Ale wpadka. Student ogl¹da³ porno na wyk³adzie FILM";1;0;"œwiat,porno,wpadka,wpadka studenta,wpadka na zajêciach,australia,sydney,youtube";1;0
"36";2338981861;0;1;FALSE;"A mo¿e noc¹ wyjechaæ nad morze?";0;0;"kraj";1;0
"37";2421816207;2;0;TRUE;"Krad³a i wpad³a w pu³apkê!";1;0;"gdañsk,pomorze,trójmiasto,gdañsk,magazyn odzie¿owy,z³odziejka,stra¿ po¿arna,stra¿ miejska";1;0
"38";3769454929;0;3;FALSE;"Chiñski rollercoaster trwa w najlepsze";0;0;"komentarze gie³dowe (œwiat)";1;0
"39";3198334700;0;1;FALSE;"Zysk netto Energi w II kw. poni¿ej konsensusu, ale EBITDA zgodna z oczekiwaniami";0;1;"energa,wiadomoœci gie³dowe (kraj),wyniki spó³ek";0;0
"40";2471450702;0;3;FALSE;"Raport o suszy: najwiêkszy deficyt wody na LubelszczyŸnie";0;1;"magazyn rolnictwo,kraj,rolnictwo";1;0
"41";2414106700;1;0;TRUE;"Kim Kardashian stawia na polsk¹ modê";1;0;"moda i uroda,kim kardashian,magda butrym,styl gwiazd,stylizacje gwiazd,stylizacje kim kardashian,kim kardashian w polskiej marce,keeping up with the kardashians";1;0
"42";2856999007;0;1;FALSE;"Yamaha szykuje terenow¹ MT-09?";0;0;"yamaha,motocykle";1;0
"43";2827914259;2;1;TRUE;"Zrobi³am to z szefem. Seks w delegacji to nie zdrada?";1;0;"seks i emocje,seks,alkohol,wyjazdy integracyjne,zdrady,seks na wyjazdach integracyjnych,seks w pracy";1;0
"44";4529982836;3;1;TRUE;"Avril Lavigne rozsta³a siê z mê¿em: ""Jesteœmy i bêdziemy najlepszymi przyjació³mi""";0;0;"avril lavigne";1;0
"45";2253526747;1;1;FALSE;"Micha³ Wójcik - znany satyryk  musi p³aciæ by³ej ¿onie wysokie alimenty";0;0;"micha³ wójcik,ani mru mru";1;0
"46";2470634331;1;3;FALSE;"Rosja to po prostu firma wêglowodorowa";0;0;"opinie";1;0
"47";2460884815;0;3;FALSE;"Zembala: zmiany w pakiecie onkologicznym - skuteczniejsze leczenie";0;1;"marian zembala,kraj,s³u¿ba zdrowia,nowotwory,ministerstwo zdrowia,nfz";0;0
"48";4748660891;0;1;FALSE;"Antynoble 2015";0;0;"podobne w kategorii,ciekawostki,nauka";1;0
"49";3670130225;0;1;FALSE;"Ruszy³o po³¹czenie cargo z £odzi do chiñskiego Xiamen";0;1;"³ódŸ";1;0
"50";3197541338;0;1;FALSE;"Wyprodukowanie iPhone'a 6s kosztuje 234 dolary";0;0;"biznes,technowinki";1;0
"51";4183266437;0;2;FALSE;"Œmiertelny wypadek w Tenczynie na Zakopiance";1;0;"kraków,wypadek tenczyn,tenczyn,wypadek. wypadek na zakopiance,dopalacze,wypadek po dopalczach";1;0
"52";5055014213;0;1;FALSE;"Tomasz Kot w filmie ""¯yæ nie umieraæ"" - 28 sierpnia w kinach";0;1;"tomasz kot,film";1;0
"53";3913609079;0;1;FALSE;"W³ochy: powietrzne egzorcyzmy nad ""opêtanym miastem""";0;0;"w³ochy,œwiat,koœció³,egzorcyzmy";1;0
"54";2860955973;1;3;FALSE;"Final Fantasy XV - premiera w 2016 roku?";0;0;"final fantasy xv";1;0
"55";2500516658;0;2;FALSE;"Portugalia: policja przejê³a dwie tony kokainy w ³odzi rybackiej";0;1;"portugalia,œwiat,kokaina";0;0
"56";5918925780;0;2;FALSE;"NASA ostrzega przed podnosz¹cym siê poziomem wody";0;0;"nasa,œwiat";1;0
"57";3968966542;1;2;FALSE;"WiedŸmin 4 - kiedy premiera? CD Projekt RED rozwiewa w¹tpliwoœci";0;0;"wiedŸmin 4,wiedŸmin,wiedŸmin 3,wiedŸmin 3: dziki gon,cyberpunk 2077";1;0
"58";4757475162;0;2;FALSE;"Oficjalne wyniki referendum w województwie dolnoœl¹skim";0;1;"pkw,wroc³aw,referendum w sprawie jow";1;0
"59";2277596918;0;1;FALSE;"Zabrze: wydr¹¿ono drugie wejœcie do Sztolni Królowa Luiza";0;1;"œl¹sk";1;0
"60";3961600748;1;1;FALSE;"NASA uruchomi w³asny kana³ w Ultra HD";0;0;"internet,technowinki";1;0
"61";4431510690;0;1;FALSE;"Fotoksi¹¿ka w formacie A4 od 39 z³";1;0;"komputery - nowoœci,fotoksi¹¿ka,promocje";1;0
"62";6036975470;1;0;TRUE;"Z Tarnowa do Pragi. Rowerowy ""spacer"" harcerzy";0;0;"tarnów,kraków";1;0
"63";4974772259;1;1;FALSE;"Bankomat zjad³ Ci kartê? Nie panikuj!";1;0;"finanse,bankomat zjad³ mi kartê,bankomat,awaria bankomatu,bankomat nie odda³ karty,pieni¹dze,wyp³aty z bankomatów";1;0
"64";2396668896;1;1;FALSE;"Kamil Stoch: rzeczywistoœæ potrafi szybko sprowadziæ na ziemiê";0;0;"skoki narciarskie,zimowe,skoki,kamil stoch";1;0
"65";2115971452;1;0;TRUE;"WiedŸmin 3: Dziki Gon - wiemy, które elementy rozgrywki nie zmieœci³y siê w pe³nej wersji gry";0;0;"wiedŸmin 3,wiedŸmin 3: dziki gon";1;0
"66";3097896386;1;0;TRUE;"Politico: Beata Szyd³o mo¿e pomóc PiS-owi przebiæ szklany sufit";0;0;"beata szyd³o,wybory parlamentarne 2015,kraj";1;0
"67";5546331647;1;1;FALSE;"Rz¹d przyzna³ granty 10 firmom; zainwestuj¹ w Polsce ³¹cznie 659 mln z³";0;0;"inwestycje firm,paiiiz,kraj,indykpol,zatrudnienie";1;0
"68";4510358957;0;2;FALSE;"W centrum Rzymu odkryto ruiny niezwyk³ego domu";0;1;"w³ochy,rzym,archeologia,historia";1;0
"69";6136600014;1;3;FALSE;"Kontroluj zu¿ycie energii domowych sprzêtów";0;0;"gad¿ety,technowinki";1;0
"70";4992493245;0;1;FALSE;"Strajkuj¹ lekarze i pracownicy kolei";0;1;"grecja,grecja na krawêdzi bankructwa,strajki,magazyn finanse,strefa euro,ue";1;0
"71";5344104877;0;3;FALSE;"Kiedy Fed podniesie stopy procentowe?";0;0;"fed,komentarze walutowe,usa,eurusd";1;0
"72";4397177210;2;1;TRUE;"47-letnia Mira Sorvino nie przypomina dawnej gwiazdy";0;0;"mira sorvino,film";1;0
"73";1871050347;0;2;FALSE;"[dub] £ódŸ: wystawa o Kantorze w brazylijskim Sao Paulo";0;1;"sztuka,kraj,³ódŸ";0;0
"74";3413464681;0;2;FALSE;"Zaszczepi³aœ dziecko? Musisz to przeczytaæ";1;0;"zdrowie i fitness,szczepionki,prawdy i mity o szczepionkach,czy szczepiæ dziecko";1;0
"75";2264152622;2;0;TRUE;"Kupujesz prezent? Przeczytaj, a unikniesz wpadki";1;0;"dobre rady,nietrafione prezenty,zwrot towaru,wymiana towaru,prawa konsumenta,czy mogê zwróciæ zakupiony towar,co zrobiæ z nietrafionym prezentem,co kupiæ na prezent,uokik,co zrobiæ z prezentami";1;0
"76";2302049871;2;0;TRUE;"Krapkowice: okrad³ salon gier, znaleziono go z narkotykami";0;0;"krapkowice,opole";1;0
"77";3173666430;1;1;FALSE;"Eco to Minecraft dbaj¹cy o œrodowisko";0;0;"eco,gry niezale¿ne,kickstarter";1;0
"78";2343042357;1;0;TRUE;"Kanada: rz¹d zapowiada przyjêcie 10 tys. uchodŸców do koñca 2015 r.";0;1;"uchodŸcy,kanada";0;0
"79";2367578553;1;0;TRUE;"Najwiêksza bomba atomowa w historii czyli PR po rosyjsku";0;0;"œwiat";1;0
"80";4022858068;0;1;FALSE;"Wy¿sze emerytury dla wiêkszoœci emerytów!";1;0;"finanse,emerytury,waloryzacja,waloryzacja kwotowa,trybuna³ konstytucyjny,premier,emeryci,donald tusk";0;0
"81";5613455133;0;3;FALSE;"£ódŸ: wniosek o rozszerzenie £ódzkiej SSE trafi³ do resortu gospodarki";0;1;"³ódŸ";0;0
"82";4029146163;0;2;FALSE;"Zmiennoœæ, zmiennoœæ i jeszcze raz zmiennoœæ";0;0;"komentarze gie³dowe (œwiat)";1;0
"83";2438688179;0;1;FALSE;"Banki zawy¿a³y raty? To oddadz¹ pieni¹dze";1;0;"finanse,banki oddadz¹ pieni¹dze,kredyt,franki,spread,pieni¹dze,pozew,s¹d,wyrok,s¹d najwy¿szy,kurs waluty,frank szwajcarski";0;0
"84";4377171238;1;2;FALSE;"Duda: m³odym ludziom mo¿na pomóc, m.in. wspieraj¹c przedsiêbiorców";0;1;"andrzej duda,kraj,przedsiêbiorstwa,wiadomoœci";1;0
"85";2953196977;1;1;FALSE;"Do bankomatu bez kapelusza i okularów przeciws³onecznych";0;0;"korea po³udniowa";1;0
"86";2239409338;1;0;TRUE;"Xbox One - du¿a aktualizacja systemu";0;0;"xbox one";1;0
"87";2225314942;0;1;FALSE;"Amnesty International o ""piekle uchodŸców"" na greckiej wyspie Kos";0;1;"uchodŸcy,amnesty international,œwiat";1;0
"88";3476069885;0;3;FALSE;"Thomas de Maizierer: jest polityczna zgoda UE na podzia³ 160 tys. uchodŸców";0;1;"uchodŸcy,œwiat";1;0
"89";2683999762;1;0;TRUE;"Uwa¿aj na ¿arty w sieci. Mo¿e Ciê zatrzymaæ policja";1;0;"œwiat,prywatny czat,pedofilia,handel ludŸmi,hiszpania,granada,g³upi ¿art,komenda policji,przes³uchanie";1;0
"90";3387767354;0;2;FALSE;"Olsztyn: pose³ PiS Jerzy Szmit rezygnuje ze startu w wyborach do Sejmu";0;1;"wybory parlamentarne 2015,sejm,olsztyn,pis";1;0
"91";3344913358;0;1;FALSE;"Inspektorat Uzbrojenia MON: przetarg na œmig³owce jest zgodny z prawem";0;1;"zbrojeniowy,mon,wojsko,kraj,przetarg,zbrojeniówka,magazyn przemys³";1;0
"92";4486639164;2;0;TRUE;"Rozpal jego uczucia. Zacznij randkê od tego drinka";1;0;"kuchnia,kruszon z bia³ego wina,co do wina,wino wytrawne,bia³e wino z ogórkiem,drink na walentynki,kruszon,przepis na kruszon,przepis na walentynkowego drinka";1;0
"93";2996258397;2;0;TRUE;"Katarzyna Glinka - jak aktorka ³¹czy macierzyñstwo z prac¹?";0;0;"katarzyna glinka";1;0
"94";3067148741;0;1;FALSE;"Ograniczenie op³at interchange nie dotknie mniejszych operatorów";0;1;"prawo,magazyn finanse,kraj";1;0
"95";3998830794;3;0;TRUE;"Wiemy, kto zaprojektowa³ sukienki Kingi Dudy!";0;0;"czarna suknia,moda,newsy,styl gwiazd,sukienki rozkloszowane,sukienki koronkowe,czarna sukienka,ma³a czarna,czarne sukienki,sukienki damskie,sukienki online,sukienki sklep,wizytowe sukienki,³adne sukienki,najmodniejsze sukienki,sukienki bombki,sukienka koktajlowa";1;0
"96";5424009817;2;1;TRUE;"Niesforne w³osy po deszczu? Tak temu zaradzisz";1;0;"moda i uroda,deszcz,w³osy,fryzura,od¿ywki do w³osów,jak dbaæ o w³osy,mokre w³osy,jesieñ,z³a pogoda,potargane w³osy,czesanie,modelowanie";1;0
"97";3019414130;0;3;FALSE;"Grecja: minister stanu apeluje o miêdzynarodowy szczyt ws. uchodŸców";0;1;"grecja,œwiat";0;0
"98";2104903298;2;0;TRUE;"Best Look: Ciara w Alexandre Vauthier";0;0;"styl gwiazd";1;0
"99";5418769580;2;0;TRUE;"Dwa dni niós³ psa na rêkach przez las, ¿eby uratowaæ mu ¿ycie. Poruszaj¹ce";0;0;"ciekawostki";1;0
"100";5954906776;1;1;FALSE;"Energa Sopot Match Race: triumf Sehesteda, Jab³oñski trzeci";0;1;"energa sopot match race,¿eglarstwo";1;0
"101";3757283597;3;0;TRUE;"A mia³ byæ ma³ym pieskiem!";1;0;"œwiat,pies,dog niemiecki,szczeniak";1;0
"102";2833622132;1;4;FALSE;"Kszczot ze srebrem, Lewandowski zdyskwalifikowany";1;0;"sopot 2014,halowe mistrzostwa œwiata,sopot 2014,bieg,adam kszczot,marcin lewandowski,800 metrów,medal";0;0
"103";5069735552;2;0;TRUE;"Dramat trenera Brazylijczyków. Zmar³ jego bratanek";1;0;"mundial 2014,luiz felipe scolari,mundial 2014,mistrzostwa œwiata,brazylia,reprezentacja brazylii,chorwacja";0;0
"104";2433126357;3;1;TRUE;"Rosja: kontrowersje wokó³ luksusowego zegarka rzecznika Kremla";0;1;"rosja,œwiat";0;0
"105";3378986017;2;0;TRUE;"Greg Oden zarobi w lidze chiñskiej 1,2 mln dolarów";0;1;"koszykówka";1;0
"106";4698184288;1;1;FALSE;"W Poznaniu chc¹ upamiêtniæ pierwsz¹ kobietê stracon¹ w Polsce za czary";0;1;"poznañ";0;0
"107";6026750493;0;2;FALSE;"Najnowsze ustalenia ws. wypadku szybowca w P³ocku";0;1;"p³ock,warszawa";1;0
"108";3957809462;1;3;FALSE;"Gigantyczna kara za zmowê. Apple, Google, Adobe i Intel ukarani";0;0;"google inc.,œwiat,apple,intel,wiadomoœci z rynku pracy,prawo pracy";1;0
"109";2548975314;3;2;TRUE;"Hiszpania: do 30 tys. euro mandatu za ""kontraktowanie"" prostytutki na ulicy";0;1;"hiszpania,œwiat";0;0
"110";2289794304;1;1;FALSE;"Opole: remont lodowiska Toropol dro¿szy, ni¿ planowano";0;1;"opole";0;0
"111";6107468716;2;2;FALSE;"W.Brytania: wystawa ""go³ych"" ram, bez obrazów, w Galerii Narodowej";0;1;"wielka brytania,muzeum,sztuka";1;0
"112";5274160790;4;3;TRUE;"MS: nowe zasady spadkowe maj¹ zwiêkszyæ pewnoœæ prawa";0;1;"prawo,magazyn finanse,kraj,ue";1;0
"113";2287857735;0;2;FALSE;"Ewa Kopacz udaje siê do Krakowa. Jutro wyjazdowe posiedzenie rz¹du";0;0;"wybory parlamentarne 2015,kraków,ewa kopacz,rz¹d po-psl";1;0
"114";2413642968;2;2;FALSE;"Polacy uciekaj¹ z firmami do Wielkiej Brytanii";1;0;"finanse,polska,wielka brytania,biznes,firma,dzia³alnoœæ gospodarcza,podatki,zus,firma zagranic¹,anglia,biurokracja";1;0
"115";3574657569;2;1;TRUE;"Strzelanina w poci¹gu Pary¿-Amsterdam. Belgia zwiêksza œrodki bezpieczeñstwa";0;0;"francja,œwiat";1;0
"116";4047767743;2;1;TRUE;"Szef brytyjskiego MSZ: musimy zachowaæ ostro¿noœæ w relacjach z Iranem";0;1;"wielka brytania,iran,œwiat";1;0
"117";4794330105;2;1;TRUE;"Szyd³o w Oœwiêcimiu: rz¹d powinien dziœ pokazaæ konkretny plan pomocy rolnikom";0;1;"beata szyd³o,wybory parlamentarne 2015,kraków,oœwiêcim";1;0
"118";3845596541;3;1;TRUE;"HTC Vive - gogle VR od Valve zadebiutuj¹ w tym roku, ale w ograniczonym nak³adzie";0;0;"vive vr";1;0
"119";4964071475;2;5;FALSE;"Nowy premier bêdzie koncentrowa³ siê na gospodarce";0;1;"australia,gospodarka,œwiat";1;0
"120";6033957390;2;1;TRUE;"K³opoty Deutsche Bank. Pomagali Rosjanom?";0;1;"deutsche bank,magazyn finanse,banki,rosja,ue";1;0
"121";3961516189;4;1;TRUE;"Pelagia P³otka ze ¯nina w³aœnie skoñczy³a 101 lat";0;0;"kujawsko-pomorskie";1;0
"122";4958048138;2;2;FALSE;"Warszawa: msza œwiêta w Muzeum Powstania Warszawskiego z udzia³em Dudy";0;1;"andrzej duda,powstanie warszawskie,warszawa";1;0
"123";4990125249;2;1;TRUE;"Z³oto: wyczekiwanie na dane";0;0;"z³oto,komentarze gie³dowe (kraj)";1;0
"124";4041746998;1;2;FALSE;"Tani iPhone 5S dla krajów rozwijaj¹cych siê";0;0;"smartfony,technowinki";1;0
"125";3929840651;0;2;FALSE;"Banki lubi¹ podnosiæ oprocentowanie kredytów, obni¿aæ niekoniecznie";1;0;"finanse,kredyt,banki,oprocentowanie kredytu,finanse,pieni¹dze,jak oszczêdzaæ pieni¹dze";1;0
"126";2473760379;3;1;TRUE;"Kuba: papie¿ Franciszek porozmawia³ z Raulem Castro";0;1;"kuba,œwiat,papie¿ franciszek";1;0
"127";2153936054;2;0;TRUE;"P³onie kilkadziesi¹t hektarów ³¹k";1;0;"wroc³aw,wroc³aw po¿ar,p³on¹ pola irygacyjne,wroc³aw stra¿ po¿arna,wroc³aw stra¿acy,wojciech adamski,wiceprezydent wroc³awia,ogieñ we wroc³awiu";1;0
"128";3127172994;1;3;FALSE;"Kosiniak-Kamysz nadal oczekuje stopy bezrobocia poni¿ej 10% na koniec roku";0;0;"bezrobocie,w³adys³aw kosiniak-kamysz,kraj,praca";1;0
"129";4052005545;1;1;FALSE;"Widmo chiñskiego kryzysu ci¹¿y gie³dom";0;0;"komentarze gie³dowe (œwiat)";1;0
"130";2162856679;2;2;FALSE;"Wielka Brytania: Frederick Forsyth by³ szpiegiem";0;1;"frederick forsyth,wielka brytania i irlandia";1;0
"131";2707268232;1;1;FALSE;"Inwestycje w badania i rozwój polskich firm IT staj¹ siê koniecznoœci¹";0;1;"kraj,wiadomoœci,inwestycje";1;0
"132";4940418168;2;0;TRUE;"Anna Mucha pokaza³a zdjêcie bez makija¿u";0;0;"anna mucha,plotki,instagram,bez makija¿u";1;0
"133";2847424164;1;1;TRUE;"Polacy jedz¹ coraz mniej! Z biedy";1;0;"finanse,ceny,jedzenie,konsumpcja,inflacja,dro¿yzna,koszty ¿ycia";1;0
"134";2095508953;2;0;TRUE;"Pêdz¹cy motocyklista zabi³ staruszkê";1;0;"kraków,policja,staruszka,motocyklista,œmiertelnie potr¹ceni,jordanów";1;0
"135";3320583740;0;1;FALSE;"Skarb Pañstwa nie zgodzi³ siê na ugodê z bliskimi ofiar katastrofy MTK";0;1;"skarb pañstwa,mtk,katowice,œl¹sk";1;0
"136";3094839722;1;2;FALSE;"Po¿ar w Zielonej Górze. Sp³onê³o mieszkanie";0;0;"po¿ar,lubuskie,zielona góra";1;0
"137";4739471337;3;0;TRUE;"Pos³uchaj piosenki Ghostface Killah i DOOM-a";0;0;"ghostface killah,muzyka,doom,hip-hop,rap";1;0
"138";3066229433;0;2;FALSE;"Polski Alarm Smogowy apeluje do prezydenta o podpisanie tzw. ustawy antysmogowej";0;1;"smog,kraków";1;0
"139";3901218825;1;1;TRUE;"Pierwszy smartfon skoñczy³ 21 lat";0;0;"smartfony,technowinki";1;0
"140";2735394657;1;1;FALSE;"Kup podrêcznik w sieci";1;0;"poznañ,internetowa gie³da u¿ywanych podrêczników,gie³da podrêczników,podrêczniki,poznañ,urz¹d miasta poznania,ksi¹¿ki,ksi¹¿ki do szko³y";1;0
"141";4432481966;0;2;FALSE;"FAO: indeks cen ¿ywnoœci na œwiecie w lipcu najni¿ej od wrzeœnia 2009 r.";0;1;"¿ywnoœæ,onz,œwiat,ceny,magazyn ¿ywnoœæ";1;0
"142";2200270682;0;3;FALSE;"Na gie³dach w USA konsolidacja po okresie du¿ej zmiennoœci";0;1;"usa,wiadomoœci gie³dowe (œwiat)";1;0
"143";5595278265;0;1;FALSE;"Œwiatowa gospodarka pod kroplówk¹";0;0;"komentarze walutowe";0;0
"144";2763188496;0;2;FALSE;"Œwiat wspiera spó³dzielcze instytucje finansowe";1;0;"informacje ze skok-ów,skok,skoki";1;0
"145";2119186216;3;0;TRUE;"Kary dla kierowców. Bêdzie ""inna"" kontrola";1;0;"prawo,kary dla kierowców,kary za nadmiern¹ prêdkoœæ";1;0
"146";3507785728;0;5;FALSE;"Tumult!- spektakle m³odych twórców poœwiêcone wspó³czesnym problemom";0;1;"teatr,warszawa";1;0
"147";2268814172;3;0;TRUE;"Bicz na nieuczciwych producentów w budowlance";0;1;"magazyn nieruchomoœci,kraj,produkcja materia³ów";1;0
"148";4207351676;0;2;FALSE;"MSP przekaza³o BGK 1,96 proc. akcji PKO BP na potrzeby programu Inwestycje Polskie";0;1;"magazyn finanse,kraj,rz¹d,bgk,finanse publiczne,inwestycje polskie";1;0
"149";2686235305;0;2;FALSE;"Memoria³ Kusociñskiego: Pawe³ Fajdek poprawi³ rekord Polski w rzucie m³otem";0;1;"memoria³ kusociñskiego,lekkoatletyka,rzut m³otem,pawe³ fajdek";1;0
"150";3917011491;1;2;FALSE;"Dean Jones nie ¿yje";0;0;"dean jones,film,filmy";1;0
"151";6096522457;0;1;FALSE;"Rz¹d zadeklarowa³, ¿e droga S19 w regionie bêdzie budowana";0;1;"bia³ystok";0;0
"152";4793264246;1;1;TRUE;"Algi bêd¹ pomocne w leczeniu œlepoty?";0;0;"technika,technowinki";1;0
"153";2862453369;1;0;TRUE;"Przyjació³ki: nowe odcinki od 3 wrzeœnia";0;0;"przyjació³ki (serial),film";1;0
"154";2310749308;0;1;FALSE;"Kopacz: terminal LNG uniezale¿ni Polskê od dostaw gazu ze wschodu";0;0;"bezpieczeñstwo energetyczne,magazyn energetyka,gazownictwo,gazoport,lng,kraj,rz¹d";1;0
"155";3657620177;1;1;FALSE;"Seat Altea bez nastêpcy";0;0;"seat,seat altea,auto œwiat";1;0
"156";3165757024;2;3;FALSE;"40. Festiwal Filmowy w Gdyni: album ""Filmy Romana Polañskiego w œwiatowym plakacie filmowym""";0;0;"40. festiwal filmowy w gdyni,film,roman polañski";1;0
"157";2315720881;0;1;FALSE;"Jak Polska mo¿e zatrzymaæ uchodŸców?";0;0;"opinie";1;0
"158";4293436236;3;2;TRUE;"Jak zaoszczêdziæ na prezentach œwi¹tecznych?";1;0;"dobre rady,prezenty na œwiêta,prezenty na œwiêta taniej,jak kupowaæ prezenty,prezenty na bo¿e narodzenie,prezenty na wigiliê,prezenty na wigiliê 2014,prezenty na bo¿e narodzenie 2014,pomys³y na prezenty";1;0
"159";4058772900;0;2;FALSE;"Kierowa³a samochodem bez wa¿nego prawa jazdy. Jej córka nie ¿yje, a syn jest w stanie krytycznym";0;0;"australia,œwiat";1;0
"160";2201396820;0;2;FALSE;"S³owacja: dro¿ej¹ mandaty za nadmiern¹ prêdkoœæ";0;0;"bezpieczeñstwo,auto œwiat";1;0
"161";2588501244;1;0;TRUE;"Maryla Rodowicz by³a jak Jennifer Lopez! (wideo)";1;0;"mundial 2014,hymny mundialu,waka waka,maryla rodowicz,shakira,ricky martin";0;0
"162";3566473263;2;0;TRUE;"SKOK-i – finanse id¹ w parze ze wsparciem kultury";1;0;"informacje ze skok-ów,skok,skoki";1;0
"163";5709362183;1;1;FALSE;"Najpiêkniejsze miejsca w Rumunii";0;0;"rumunia,przewodnik,zabytki,gdzie na weekend,majówka 2016,wakacje 2016";1;0
"164";5374754844;2;0;TRUE;"3-latek zmar³ w samolocie. S¹ wyniki sekcji zw³ok";1;0;"warszawa,warszawa,samolot,œmieræ,tragedia,lot,ameryka,dziecko";1;0
"165";2989933533;1;0;TRUE;"Przedsiêbiorca - starszy mê¿czyzna ze wsi";0;1;"wiadomoœci z rynku pracy,wiadomoœci,kraj";1;0
"166";4679833922;0;1;FALSE;"Poznañ: ok. 4 tys. ton nieznanej substancji zalega w magazynie";0;1;"poznañ";1;0
"167";3343330524;0;3;FALSE;"Min. œrodowiska nie zgadza siê na budowê komercyjnych delfinariów w Polsce";0;1;"kraj";1;0
"168";3413991136;1;0;TRUE;"Kibic aresztowany za wtargniêcie na tor w Singapurze";0;0;"gp singapuru,f1";1;0
"169";5645325455;0;1;FALSE;"Opole: Witold Zembaczyñski jedynk¹ Nowoczesnej z listy opolskiej";0;1;"wybory parlamentarne 2015,opole,nowoczesnapl,ryszard petru";1;0
"170";5712616241;1;1;TRUE;"Zielona Góra: w³amywacze us³yszeli wyroki";0;0;"zielona góra,lubuskie,kradzie¿";1;0
"171";4429567421;1;1;TRUE;"Ranking po¿yczek i kredytów gotówkowych – lipiec 2012";1;0;"finanse,ranking,kredyt,ranking kredytów,kredyt gotówkowy,najlepszy kredyt gotówkowy,ranking kredytów gotówkowych,ranking po¿yczek";1;0
"172";3977748813;0;1;FALSE;"W przysz³ym roku oddasz ZUS o 150 z³ wiêcej";1;0;"finanse,wy¿sze sk³adki zus,pensja minimalna,podwy¿ka";1;0
"173";4515670555;0;2;FALSE;"Tauron chce nabyæ KWK Brzeszcze za 'symboliczn¹ z³otówkê' i po redukcji etatów";0;0;"tauron polska energia s.a.,wiadomoœci gie³dowe (kraj)";0;0
"174";3119877441;0;3;FALSE;"Uczestnicy rynku zainteresowani gazowym po³¹czeniem Polska-Litwa";0;1;"gaz-system,gaz,energetyka,energetyka i surowce,litwa,kraj";1;0
"175";5541118748;1;1;TRUE;"Mazowsze: dwaj mê¿czyŸni przygnieceni p³ytami w zak³adzie kamieniarskim";0;0;"siedlce,warszawa";1;0
"176";3498282170;2;0;TRUE;"Poszukujemy 86-letniego Józefa";1;0;"polska,wroc³aw,opole,krapkowice,zaginiony,poszukiwania,poszukujemy 86-letniego józefa,józef barañski,zagin¹³ starszy mê¿czyzna,policja,marzena grzegorczyk,opolska policja";1;0
"177";4058239033;1;0;TRUE;"5 mêskich filmów, które trzeba zobaczyæ";0;0;"rozrywka,ob³awa (2012),³owcy g³ów,uk³ad zamkniêty";1;0
"178";4056633744;1;0;TRUE;"Nintendo NX nie bêdzie korzysta³o z dysków optycznych?";0;0;"nintendo";1;0
"179";2071994844;3;0;TRUE;"Pay The Ghost: zobacz zwiastun nowego filmu z Nicolasem Cage'em";0;0;"nicolas cage,film,pay the ghost";1;0
"180";1970631088;1;0;TRUE;"To prawdziwa parapsychiczna stolica œwiata";0;0;"medium,ezoteryka,floryda";1;0
"181";4501704920;1;0;TRUE;"Etsy zapowiada jednodniow¹ dostawê";0;0;"biznes,technowinki";1;0
"182";4020861971;1;1;FALSE;"Fallout powraca na GOG.com";0;0;"fallout,fallout 4";1;0
"183";2215107988;1;1;FALSE;"F1: nowy team od 2016 roku";0;1;"f1";1;0
"184";4835050862;2;0;TRUE;"Bezdomny zadrêcza³ siê losem zaginionej dziewczynki";1;0;"œwiat,bezdomny,w³óczêga,eksperyment,eksperyment spo³eczny,eksperyment z bezdomnym";1;0
"185";4532601111;2;1;TRUE;"Czarna skrzynka w twoim aucie!";0;0;"auto œwiat,porady,eksploatacja,wypadek";1;0
"186";5072535758;1;1;FALSE;"Jak oszczêdzaæ energiê w domu - praktyczne rady";1;0;"finanse,gaz,energia,dom";1;0
"187";3487698093;1;0;TRUE;"Ojcu pêk³o serce na wieœæ o stracie pracy. Osieroci³ troje dzieci";1;0;"kraków,dzieci,nowy s¹cz,strata pracy,s³awomir raczek,carbon";1;0
"188";2935765304;0;2;FALSE;"Konwencja Zjednoczonej Lewicy. Nowe pomys³y ws. p³acy minimalnej i podatku PIT";0;1;"sld,kraj,wybory parlamentarne 2015";1;0
"189";6098219508;0;3;FALSE;"Dobra wiadomoœæ dla firm. Bêd¹ mog³y d³u¿ej korzystaæ z pomocy UE";0;1;"kraj";1;0
"190";5093877995;0;1;FALSE;"Jaros³aw Kaczyñski zaprezentowa³ w Kielcach œwiêtokrzysk¹ ""jedynkê"" PiS";0;1;"pis,kielce,kaczyñski,wybory,wybory parlamentarne 2015";1;0
"191";2027881867;0;4;FALSE;"Blisko 700 nowych rozjazdów na torach kolejowych";0;1;"szczecin";0;0
"192";2352460094;0;1;FALSE;"W³ochy: Górna Adyga pomo¿e Bawarii w zwi¹zku z kryzysem imigracyjnym";0;1;"w³ochy,œwiat,bawaria,ba³kany,uchodŸcy,niemcy";1;0
"193";4761951087;1;0;TRUE;"Po³ó¿ kostkê lodu w tym miejscu, a stan¹ siê cuda!";1;0;"zdrowie i fitness,lód,kostki lodu,zdrowie,samopoczucie,wp³yw kostek lodu na zdrowie,gdzie po³o¿yæ lód,medycyna chiñska";1;0
"194";4673667464;0;3;FALSE;"Oficjalne wyniki referendum województwa podlaskiego";0;1;"referendum,bia³ystok";1;0
"195";5876507126;0;1;FALSE;"Targi INTERMOT 2016 oficjalnie zapowiedziane";0;0;"motocykle";1;0
"196";3770979065;0;1;FALSE;"Co dalej ze szpitalem w Bia³ogardzie?";0;0;"bia³ogard,szczecin";1;0
"197";3502416177;1;0;TRUE;"Best Look: Selena Gomez w Givenchy";0;0;"moda,styl gwiazd";1;0
"198";1988147216;0;1;FALSE;"Eurobasket 2015: Litwa ostatnim æwieræfinalist¹";0;1;"eurobasket 2015,koszykówka";1;0
"199";4090424355;0;1;FALSE;"MŒ w judo: srebrny medal Polek w zawodach dru¿ynowych w Astanie";0;1;"mœ w judo,judo";1;0
"200";2077355190;0;3;FALSE;"Szczecinianie czytaj¹ ""Lalkê""";0;0;"szczecin";0;0
"201";3952487384;2;0;TRUE;"Halina Mlynkova bêdzie pilnowaæ swojego syna w internecie";0;0;"halina mlynkova";1;0
"202";3354749758;0;1;FALSE;"Smakosz 3: w przysz³ym roku rusz¹ zdjêcia do filmu";0;0;"smakosz,smakosz 2,film";1;0
"203";5248254290;0;2;FALSE;"Rozpoczê³a siê konserwacja dwóch baraków murowanych w b. Birkenau";0;1;"kraj";1;0
"204";5080717948;1;1;FALSE;"LITTLE BOOTS - ""Working Girl""";0;0;"little boots,muzyka,recenzje";1;0
"205";3035138958;1;0;TRUE;"Odpowiada³ za pornografiê dzieciêc¹. Nie uwierzysz czemu!";1;0;"œwiat,pornografia,pornografia dzieciêca,pedofilia,usa,cormega copening";1;0
"206";2288006582;0;1;FALSE;"Polska wyprzedzi Turcjê jako g³ówny beneficjent tañszej ropy";0;0;"surowce,kraj,œwiat,magazyn energetyka,ceny paliw";1;0
"207";4996066793;0;2;FALSE;"Stephanie Sigman w serialu ""American Crime""";0;0;"stephanie sigman,film,spectre";1;0
"208";4181183083;0;3;FALSE;"Pose³ PSL skazany na karê 20 tys. z³ grzywny";0;1;"warszawa";0;0
"209";2619597691;0;2;FALSE;"mBank ma zgodê KNF na objêcie bezpoœrednio 100 proc. udzia³ów w mBanku Hipotecznym";0;0;"magazyn finanse,banki";1;0
"210";5200076055;2;0;TRUE;"Bêdzin: Pies uratowa³ niemowlê. Jego szczekanie obudzi³o domowników";0;0;"dzieci,œl¹sk,zwierzêta,bêdzin";1;0
"211";5796530392;1;3;FALSE;"Palestyñczycy mog¹ zawiesiæ swoj¹ flagê w siedzibie ONZ";0;1;"onz,palestyna,œwiat";0;0
"212";4426647098;0;2;FALSE;"Piechociñski: rano mo¿e byæ wiêksze zapotrzebowanie na pr¹d";0;0;"elektrycznoœæ,kraj,magazyn energetyka";1;0
"213";5954142835;0;3;FALSE;"Zagin¹³ 22-latek z Krakowa";1;0;"kraków,zaginiony,policja,kraków";1;0
"214";3429083801;0;2;FALSE;"Sacrum Profanum Festival. Dzieñ 1.: miêdzy marzeniem a koszmarem";0;0;"sacrum profanum,relacje,muzyka,festiwale muzyczne,koncerty,alternatywa";1;0
"215";4154827762;0;2;FALSE;"Ranking kredytów hipotecznych – maj 2012";1;0;"finanse,kredyt hipoteczny,kredyt mieszkaniowy,finanse,banki,kredyt hipoteczny w 2012,oferty kredytów hipotecznych";1;0
"216";3890950205;1;1;FALSE;"Muzyka na Gotyckim Szlaku";0;1;"szczecin";0;0
"217";6134445870;1;0;TRUE;"Ronen Ginzburg: by zatrzymaæ Milosa Teodosicia, potrzebna jest policja";0;1;"koszykówka,eurobasket 2015";1;0
"218";3145645483;0;1;FALSE;"Tanzania: pomoc najbardziej potrzebuj¹cym dzieciom z Burundi";0;0;"onet pro bono,unicef,œwiat";1;0
"219";3451562549;1;1;FALSE;"PERN zmodernizuje automatykê w bazie magazynowej w Gdañsku";0;1;"gdañsk,trójmiasto";0;0
"220";3072390224;0;1;FALSE;"Jak zdaæ egzamin na prawo jazdy i byæ dobrym kierowc¹";0;0;"zamoœæ,lublin";1;0
"221";3315641527;2;1;TRUE;"Bandyta wpad³, bo zgubi³ portfel";1;0;"warszawa,policja,bójka,warszawa,zatrzymany,pobicie";1;0
"222";2576286411;0;1;FALSE;"Grzeszczak, Mo¿d¿anowska i Jankowiak liderami list PSL w Wielkopolsce";0;1;"wielkopolska,psl,wybory parlamentarne 2015,poznañ";1;0
"223";2533228238;0;3;FALSE;"NIK krytycznie o sk³adowiskach odpadów";0;1;"œmieci,nik,kraj,odpady,wysypiska œmieci";1;0
"224";3383075344;2;0;TRUE;"Tak banki wrobi³y Polaków!";1;0;"finanse,oszczêdnoœci,banki,polisolokaty,emeryci,jak wybraæ polisolokatê,jak wybraæ lokatê,jak wygraæ z bankiem";1;0
"225";3220071448;1;0;TRUE;"Papie¿ Franciszek wyruszy³ w podró¿ na Kubê i do USA";0;1;"papie¿ franciszek,kuba,usa,œwiat";1;0
"226";3026609436;2;2;TRUE;"Rozumiej¹ potrzeby polskich rodzin";1;0;"informacje ze skok-ów,skok,oszczêdzanie,konto";1;0
"227";5693482340;3;0;TRUE;"Pijany kierowca szala³ samochodem po pla¿y. Miêdzy turystami!";1;0;"polska,pijany,pijany kierowca,pijany m³ody kierowca,samochód na pla¿y,krêci³ b¹czki na pla¿y,pijany kierowca na pla¿y,olsztyn";1;0
"228";4127825933;1;1;TRUE;"Warszawska PO zrobi³a prezent krakowskiemu PiS-owi";0;0;"kraków";1;0
"229";3866842347;0;1;FALSE;"Konto osobiste to wygoda i bezpieczeñstwo";1;0;"informacje ze skok-ów,skok,finanse,pieni¹dze";1;0
"230";3583133065;1;1;FALSE;"Dolnoœl¹skie: w Œwi¹tnikach pi¹ta edycja zjazdu mi³oœników kultury kresowej";0;1;"wroc³aw";0;0
"231";2198260241;3;0;TRUE;"5 sposobów na COŒ NIEBIESKIEGO dla panny m³odej";0;0;"suknia œlubna,moda,trendy";1;0
"232";2667349368;0;1;FALSE;"Rzeszów: zakoñczy³o siê uzbrajanie parku naukowo-technologicznego";0;1;"rzeszów";1;0
"233";4374438032;0;1;FALSE;"Z³odzieje z Krapkowic w rêkach policji";0;0;"policja,opole,kradzie¿";1;0
"234";2829514694;0;1;FALSE;"W Berlinie rozpoczê³o siê spotkanie szefów MSZ czwórki normandzkiej";0;1;"kryzys na ukrainie,œwiat,dyplomacja";1;0
"235";3286377097;0;1;FALSE;"Polskie Termopile. Zadwórze ko³o Lwowa.";0;0;"kraj";1;0
"236";2504542145;1;0;TRUE;"Bêdzie kolejne spotkanie rozdzielonych rodzin koreañskich";0;1;"seul,œwiat";0;0
"237";4472572614;0;3;FALSE;"Rz¹d przyj¹³ program rozwoju turystyki do 2020 r.";0;1;"magazyn turystyka,rz¹d,kraj,us³ugi";1;0
"238";4210087698;0;1;FALSE;"Humanoidalny Atlas przespacerowa³ siê po lesie";0;0;"robotyka,technowinki";1;0
"239";3329138381;0;1;FALSE;"Katowicka firma przy³apana na korzystaniu z nielegalnego oprogramowania";0;0;"biznes,technowinki";1;0
"240";5952090485;0;1;FALSE;"Pojedynki na szyldy i miêdzy kandydatami tych samych partii";0;1;"opole";1;0
"241";3223389557;0;3;FALSE;"Szef MSZ W³och: Polska sk³onna przyj¹æ propozycje KE w sprawie uchodŸców";0;1;"w³ochy,polska,uchodŸcy,komisja europejska,œwiat";1;0
"242";5674113824;0;2;FALSE;"Ewa Kopacz z wizyt¹ na OpolszczyŸnie";0;0;"opole";1;0
"243";5148374885;0;2;FALSE;"W sierpniu popyt na kredyty mieszkaniowe i konsumpcyjne wzrós³ rdr";0;1;"banki,kraj,magazyn finanse,statystyka";0;0
"244";4813251126;0;1;FALSE;"Szczecin: PiS przeciwko referendum w sprawie pomnika Lecha Kaczyñskiego";0;0;"szczecin";1;0
"245";4254904078;1;0;TRUE;"Festiwal ""Behind the trees"" w sobotê 5 wrzeœnia w Mys³owicach";0;1;"behind the trees,muzyka,koncerty,festiwale muzyczne";1;0
"246";5238659809;2;0;TRUE;"Krystalizuje siê polska kadra na EuroBasket";0;0;"eurobasket 2015,koszykówka,reprezentacje";1;0
"247";2843630581;0;4;FALSE;"Hiszpania/Sonda¿: kataloñscy separatyœci mog¹ wygraæ wybory regionalne";0;1;"hiszpania,œwiat";1;0
"248";3944739540;0;1;FALSE;"Szwajcarskiej gospodarce grozi recesja z powodu wysokiego kursu franka";0;1;"szwajcaria,œwiat";1;0
"249";3646749369;1;2;FALSE;"Papie¿ za reform¹ procesów w sprawie stwierdzenia niewa¿noœci ma³¿eñstwa";0;0;"papie¿ franciszek,œwiat,koœció³ katolicki";1;0
"250";5827772232;1;0;TRUE;"Mê¿czyzna obejmuje kobietê. Zdziwi ciê, co mo¿e oznaczaæ ten gest";0;0;"facet";1;0
"251";4011979336;1;1;FALSE;"WiêŸniowie z Prudnika pomogli uporz¹dkowaæ ¿ydowski cmentarz w Bia³ej";0;0;"opole";1;0
"252";5781618736;2;1;TRUE;"Hiszpanie t³umacz¹ siê z klêski";1;0;"mundial 2014,hiszpania,mundial 2014,mistrzostwa œwiata w pi³ce no¿nej,iker casillas,vicente del bosque,xabi alonso";0;0
"253";4077698866;1;0;TRUE;"Marcin Dubieniecki us³ysza³ powa¿ne zarzuty";1;0;"politycy,polityka,marcin dubieniecki,oskar¿enie,prokuratura,s¹d,kraków";0;0
"254";3797755979;2;0;TRUE;"Ogórek na wakacjach. To zdjêcie robi wra¿enie";1;0;"politycy,magdalena ogórek,wakacje,hiszpania";1;0
"255";4592174208;0;2;FALSE;"Komentarz popo³udniowy z rynku z³otego";0;0;"usdpln,komentarze walutowe,eurpln";1;0
"256";2408204897;1;0;TRUE;"Zmierzch tabletów? Nic z tych rzeczy, czyli wra¿enia z testu Galaxy Tab S2";0;0;"technowinki";1;0
"257";3944591013;1;2;FALSE;"Jan Bury i Mieczys³aw Kasprzak liderami list PSL do Sejmu";0;1;"wybory parlamentarne 2015,rzeszów";1;0
"258";2169447966;3;0;TRUE;"Le¿ak obci¹³ 7-latce palec w Lublinie";1;0;"polska,lublin,le¿ak,carnaval sztukmistrzów,wypadek,utrata palca,wypadek w lublinie,dziecko";1;0
"259";3938173941;2;0;TRUE;"Na jaki kredyt mnie staæ?";1;0;"finanse,kredyt,po¿yczka,bank,bz wbk";1;0
"260";5528232100;1;0;TRUE;"Koncertowa jesieñ w Poznaniu";0;0;"roisin murphy,muzyka,alternatywa,hey,snarky puppy";1;0
"261";2600666171;1;3;FALSE;"Pierwsze na œwiecie lotnisko zasilane energi¹ s³oneczn¹";0;0;"technika,technowinki";1;0
"262";3810234041;1;1;FALSE;"Portal Fronda: og³aszamy bojkot Biedronki!";0;0;"kraj";1;0
"263";4396763851;1;0;TRUE;"Ring œmierci";0;0;"wrestling,zapasy";1;0
"264";2438573239;1;0;TRUE;"P³atnoœci kart¹ w koñcu w Biedronce";1;0;"komputery - nowoœci,p³atnoœci kart¹,biedronka,karta,p³atnoœæ karta";1;0
"265";4834576648;1;0;TRUE;"USA: wielka ob³awa w pobli¿u Chicago po zabójstwie policjanta";0;1;"usa,œwiat,policja";0;0
"266";4471500181;0;2;FALSE;"W³adze planuj¹ liniê tramwajow¹ miêdzy osiedlami a fabryk¹ Michelin";0;1;"olsztyn";1;0
"267";5686064956;0;1;FALSE;"Kredyty bêd¹ jeszcze tañsze?";1;0;"finanse,kredyty,rata,stopy procentowe,rpp";1;0
"268";5360558825;0;1;FALSE;"Fotografia z demonstracji ""Solidarnoœci"" w facebookowej kampanii wódki ¯ytnia Extra";0;0;"kraj";1;0
"269";6003877825;0;2;FALSE;"Grecja: do œrody nowy rz¹d, wraca minister finansów";0;1;"grecja,ue";1;0
"270";4999157242;1;1;TRUE;"Nowa kolekcja marki Bytom inspirowana Arkadym Adamem Fiedlerem";0;0;"wyspa robinsona,ksi¹¿ki,dywizjon 303";1;0
"271";2735614275;0;3;FALSE;"Puszczone hamulce";0;0;"eurusd,komentarze walutowe";1;0
"272";5093128959;1;0;TRUE;"Kto odpowiada za referendum?";0;0;"opinie";0;0
"273";4323211023;0;4;FALSE;"Polski akcent w WOCCU";1;0;"informacje ze skok-ów,skok,reklama";1;0
"274";5439760758;0;1;FALSE;"USA: francuski d¿ihadysta zgin¹³ w Syrii";0;1;"usa,œwiat,syria,francja";0;0
"275";4931163397;3;0;TRUE;"Nicki Minaj jest w ci¹¿y? Spekulacje po incydencie na koncercie";0;0;"nicki minaj,muzyka,plotki";1;0
"276";4462343414;0;2;FALSE;"Czeski minister: S³owacja zaostrzy³a kontrole na granicach";0;1;"czechy,s³owacja,œwiat,uchodŸcy";1;0
"277";2552650066;0;1;FALSE;"Stopy procentowe bez zmian";0;0;"rpp,stopy procentowe,dane makroekonomiczne,kraj,finanse,magazyn finanse,bezrobocie,nbp";1;0
"278";4004649251;0;1;FALSE;"Libia: szef legalnego rz¹du mówi, ¿e rezygnuje. Jego rzecznik dementuje";0;1;"libia,œwiat";1;0
"279";4594614275;1;1;TRUE;"Dress for success: Magdalena Go³danowska";0;0;"moda,ludzie,trendy";1;0
"280";4619661989;0;2;FALSE;"7 osób zginê³o pod lawin¹ we francuskich Alpach";0;0;"francja,alpy,góry,wypadek,œmieræ,lawiny";1;0
"281";4370667993;2;0;TRUE;"5 sposobów na maxi kamizelkê!";0;0;"moda,trendy";1;0
"282";2559878140;0;2;FALSE;"Uwaga! Raty kredytów bêd¹...";1;0;"finanse,raty,kredyty,z³otówki";0;0
"283";5084649210;0;1;FALSE;"40. Festiwal Filmowy w Gdyni: ""Piekie³ko"" czynne do 15 do 19 wrzeœnia";0;0;"40. festiwal filmowy w gdyni,film";1;0
"284";5893947232;1;2;FALSE;"Grand Slam w Olsztynie: Katarzyna Ko³osiñska i Monika Brzostek w 1/8 fina³u";0;1;"siatkówka pla¿owa,siatkówka,monika brzostek,kinga ko³osiñska";1;0
"285";5747555818;0;2;FALSE;"Bia³oruœ: opozycyjna kandydatka na prezydenta za g³êbokimi przemianami";0;1;"bia³oruœ,œwiat";0;0
"286";5700469468;1;0;TRUE;"Ewa Minge zak³ada fundacjê. ""Nowotwór od lat towarzyszy w moim ¿yciu""";0;0;"ewa minge";1;0
"287";5377849824;2;0;TRUE;"Podró¿ do Krainy Smaku z Królow¹ Smakoszk¹";0;0;"nowoœci rynkowe";1;0
"288";5778393217;1;3;FALSE;"Sanepid ostrzega przed sinicami w regionie";0;0;"lublin";0;0
"289";3491855227;0;1;FALSE;"Na Uniwersytecie Gdañskim otwarto Instytut Konfucjusza";0;1;"trójmiasto";1;0
"290";5161200737;0;1;FALSE;"Ciê¿arówka potr¹ci³a pieszego. Mê¿czyzna nie ¿yje";1;0;"polska,gdañsk,pieszy,ciê¿arówka,mê¿czyzna,kierowca,ciê¿arówka potr¹ci³a pieszego,narwicka,tragiczny wypadek w gdañsku";1;0
"291";3981597783;0;1;FALSE;"20 rzeczy, które dziœ nosi³aby Carrie Bradshaw";0;0;"byæ jak carrie bradshaw,moda,trendy,modne ubrania,modne ciuchy";1;0
"292";2113830444;0;2;FALSE;"Tydzieñ pod dyktando decyzji Fed";0;0;"komentarze gie³dowe (œwiat)";1;0
"293";4074931869;0;2;FALSE;"Eurobasket: Polska awansowa³a na 14. miejsce w rankingu FIBA-Europe";0;1;"eurobasket 2015,koszykówka";1;0
"294";2775479241;0;3;FALSE;"Chiny: osuniêcie ziemi w górniczym miasteczku uwiêzi³o 40 osób";0;1;"chiny,œwiat";0;0
"295";5041392079;0;2;FALSE;"Petycje - nowy orê¿ obywatela";0;0;"onet pro bono,kraj";1;0
"296";4408238626;0;3;FALSE;"Ostrze¿enie IMGW: Najwy¿szy stopieñ zagro¿enia";1;0;"polska,prognoza pogody,upa³y,pogoda,ostrze¿enie,ostrze¿enie imgw";1;0
"297";2337763924;2;0;TRUE;"Henryk Z. wyjdzie na wolnoœæ?";1;0;"gdañsk,pomorze,gostynino,henryk z.,gwa³ciciel,morderca,ustawa o bestiach";1;0
"298";2077558488;0;3;FALSE;"Kompleks Pa³acu: ksi¹¿ka o ¿yciu Pa³acu Kultury w kapitalizmie";0;1;"kompleks pa³acu. ¿ycie spo³eczne stalinowskiego wie¿owca w kapitalistycznej warszawie,ksi¹¿ki,pa³ac kultury i nauki,józef stalin,kontrowersje,warszawa";1;0
"299";3815572686;0;5;FALSE;"Wiêcej wydamy na ogrzewanie";1;0;"finanse,wêgiel,ogrzewanie,piece,koszty";1;0
"300";3173649434;0;2;FALSE;"Maciej Janowski: muszê nadal ciê¿ko pracowaæ";0;0;"grand prix,maciej janowski,¿u¿el";1;0
"301";2631911956;0;2;FALSE;"Co dalej z cenami ropy naftowej?";0;0;"ceny paliw";1;0
"302";5260435073;0;2;FALSE;"Sensacja! Bêdzie lek na alkoholizm?";1;0;"kobieta,alkoholizm,uzale¿nienie,lek na alkoholizm,uzale¿nienie od alkoholu,choroba alkoholowa";1;0
"303";3353530443;0;3;FALSE;"Poœcig za kierowc¹ Peugeota";0;0;"auto œwiat,policja,poœcig";1;0
"304";3924497222;1;6;FALSE;"Inno-Gene zak³ada w nowej strategii wzrost mar¿y brutto do ok. 40 proc. w '18";0;1;"inno-gene,wiadomoœci gie³dowe (kraj),prognozy zysków";0;0
"305";5512352434;3;0;TRUE;"Monika Kuszyñska marzy o dziecku?";0;0;"monika kuszyñska";1;0
"306";4464393753;0;1;FALSE;"Europejskie spó³ki bêd¹ mog³y prowadziæ w Polsce dzia³alnoœæ hazardow¹";0;1;"prawo,kraj,magazyn handel";1;0
"307";4136453249;1;1;TRUE;"Masz ma³e piersi? JedŸ do Francji";1;0;"moda i uroda,piersi,stanik,rozmiar,seks,narodowoœæ,europa,francja,niemcy,amatorzy,du¿e piersi,ma³e piersi,sutki,biust,biustonosz,chirurgia plastyczna,powiêkszanie piersi";1;0
"308";5960928335;1;0;TRUE;"Szczecin: policja poszukuje mê¿czyzny, który obna¿a siê na osiedlu S³onecznym";0;0;"szczecin";1;0
"309";4040201952;0;2;FALSE;"Eurostat: stopa bezrobocia w Polsce w lipcu 7,6 proc.";0;1;"statystyka,wiadomoœci z rynku pracy,kraj";1;0
"310";2433882310;0;1;FALSE;"Uwaga! Nadchodz¹ burze z gradem!";1;0;"³ódŸ,³ódŸ,burza,skierniewice,rawa mazowiecka,tomaszów mazowiecki,ostrze¿enie przed burzami,burza z gradem,deszcz,ulewa,podtopienia,silny wiatr,huragan,tr¹ba powietrzna";1;0
"311";4224034739;0;2;FALSE;"Chwedoruk: na decyzji prezydenta skorzysta przede wszystkim PiS";0;1;"pis,andrzej duda,j,kraj";0;0
"312";3699557163;0;2;FALSE;"Gazeta Wyborcza: RPO chce z³o¿yæ skargi ws. ubezw³asnowolnionych czy praw jazdy";0;1;"rzecznik praw obywatelskich,kraj,adam bodnar";1;0
"313";5891941918;0;1;FALSE;"Wielkopolska lewica liczy na szeœæ mandatów w Sejmie";0;1;"lewica,poznañ,sld";1;0
"314";5673922535;0;2;FALSE;"Speckomisja ws. projektu dot. inwigilacji i billingów: wadliwe rozwi¹zania";0;1;"sejm,kraj";0;0
"315";4460597447;0;1;FALSE;"Wroc³aw: otwarto najnowoczeœniejsze w kraju laboratoria typu cleanroom";0;1;"dolnoœl¹skie,wroc³aw,laboratorium,badania";1;0
"316";6037826462;0;1;FALSE;"Petru: k³opoty Chin zagra¿aj¹ polskim kopalniom";0;0;"górnictwo,magazyn energetyka,wiadomoœci gie³dowe (œwiat)";1;0
"317";5326538690;2;1;TRUE;"Monika Brzostek: taki wynik przybli¿a nas do igrzysk w Rio";0;1;"world tour w siatkówce pla¿owej,kinga ko³osiñska,monika brzostek,siatkówka,siatkówka pla¿owa";1;0
"318";3339549204;0;2;FALSE;"Minister edukacji pyta dyrektorów o problemy dot. jedzenia w szko³ach";0;1;"joanna kluzik-rostkowska,kraj,szko³y,¿ywnoœæ,men";0;0
"319";3772333441;0;1;FALSE;"Prezydent podpisa³ ustawê powo³uj¹c¹ Rzecznika Finansowego";0;1;"podatki,wiadomoœci,wiadomoœci podatkowe,kraj";1;0
"320";4702839784;3;0;TRUE;"M¹¿ zamordowanej bytowianki pope³ni³ samobójstwo";1;0;"polska,gdañsk,bytów,cz³uchów,jasnowidz z cz³uchowa,bytowianka,zamordowana bytowianka,kobieta,mê¿czyzna,samobójca,zw³oki,cia³o,las";1;0
"321";4417860210;0;2;FALSE;"Atal podtrzymuje plany sprzeda¿owe na 2015 r.";0;1;"atal,wiadomoœci gie³dowe (kraj)";0;0
"322";4037959625;1;2;FALSE;"Ta ksi¹¿ka hipnotyzuje dzieci. Bezpieczne?";1;0;"polska,konsument,œwiat,kobieta,carl-johan forssen ehrlin,the rabbit who wants to fall asleep,ksi¹¿ka usypiaj¹ca,dzieci,dziecko,usypianie dziecka,usypianie dzieci,bezsennoœæ,psychologia,behawioryzm,podœwiadome sugestie,hipnoza,podœwiadomoœæ,przekaz podprogowy";1;0
"323";5999233478;1;2;FALSE;"Elitserien: Zmarzlik i Sajfutdinow poprowadzili mistrzów do zwyciêstwa";0;0;"¿u¿el,bartosz zmarzlik,emil sajfutdinow,elitserien";1;0
"324";5335418980;1;2;FALSE;"Jedyny koncert Symphony X ju¿ w marcu";0;0;"symphony x,muzyka,metal";1;0
"325";4650182810;1;3;FALSE;"Glen Mills: to by³o najtrudniejsze zwyciêstwo Bolta";0;0;"lekkoatletyczne mistrzostwa œwiata w pekinie,usain bolt,lekkoatletyka";1;0
"326";4898985968;1;1;FALSE;"Wieczorem dowiemy siê, czy wczorajsze referendum by³o wa¿ne";0;0;"lublin,referendum,lubelskie,r";1;0
"327";4275068396;2;1;TRUE;"Protest pracowników Parków Narodowych";0;0;"leœnictwo,magazyn rolnictwo,kraj";1;0
"328";2861544254;0;2;FALSE;"Korekta prezydenta Dudy";0;0;"kraj";1;0
"329";1925132074;0;2;FALSE;"Zwrot w niemieckiej polityce ws. uchodŸców";0;0;"œwiat,niemcy,uchodŸcy";1;0
"330";5452685613;0;1;FALSE;"Zamach na palaczy! Slimy i mentole zakazane!";1;0;"politycy,finanse,unia europejska,bruksela,papierosy,zakaz palenia,mentolowe";0;0
"331";4940028855;0;1;FALSE;"Kuczyñski: poniedzia³kowe spadki na gie³dach zawdziêczamy tak¿e politykom";0;1;"wiadomoœci gie³dowe (œwiat)";1;0
"332";2193930483;1;0;TRUE;"Po¿ar w sortowni odpadów w D¹brówce Wielkopolskiej";0;0;"po¿ar,lubuskie";1;0
"333";3391511266;0;1;FALSE;"Prze³omowy rok polskiego futbolu amerykañskiego?";0;0;"futbol amerykañski";1;0
"334";2002544949;2;0;TRUE;"Wyprasowali koszulê w...tramwaju";1;0;"kraków,kraków,\krakowiak\,tramwaj,¿elasko,prasowanie,koszula";1;0
"335";4438839576;1;1;FALSE;"MŒ juniorów 2015: Polacy nie dali szans Amerykanom";0;0;"reprezentacje,siatkówka,reprezentacja polski,reprezentacja usa,jakub bednaruk";1;0
"336";5936592714;0;2;FALSE;"Unia Europejska zawiesi³a Szkocji dofinansowanie. Z powodu ""nieprawid³owoœci""";0;0;"szkocja,wielka brytania i irlandia,ue";1;0
"337";5797876616;1;2;FALSE;"Rybitzky godzi³ prowadzenie mediów spo³ecznoœciowych dla Andrzeja Dudy i rolê felietonisty";0;0;"media,kraj,andrzej duda";1;0
"338";5098528826;0;1;FALSE;"Czerwono na gie³dach z powodu zamieszania w Chinach";0;0;"komentarze gie³dowe (œwiat)";0;0
"339";2049853360;0;1;FALSE;"CBOS: elektorat PiS najbardziej zdecydowany by zag³osowaæ na swoj¹ partiê";0;1;"pis,wybory parlamentarne 2015,kraj";1;0
"340";5882748745;0;1;FALSE;"Drony œredniego zasiêgu MON zamierza kupiæ w krajowym przemyœle";0;1;"mon,tomasz siemoniak,kraj";1;0
"341";3852127214;1;1;FALSE;"PŒ w strzelectwie: dalekie lokaty Polaków w Gabali";0;1;"strzelectwo";0;0
"342";2033398950;0;2;FALSE;"MON pozwie ""Wprost"" za sugestie o sfa³szowanym przetargu na œmig³owce";0;1;"mon,kraj,przetarg,wojsko,zbrojeniowy,zbrojeniówka";1;0
"343";5763873655;0;3;FALSE;"Gazprom widzi ""znacz¹cy postêp"" w rozmowach z PGNiG i EON - Miedwiediew";0;1;"gazprom,gaz,pgnig,energetyka,miedwiediew,rosja,kraj,eon (tag biznes3:59508)";1;0
"344";4593502788;0;1;FALSE;"Dziennik Gazeta Prawna: oszuœci maj¹ now¹ metodê - na komornika";0;1;"komornicy,prawo,kraj";1;0
"345";3377290147;1;0;TRUE;"Cyjanek w pestkach jab³ek! Tak, ale jest coœ jeszcze...";1;0;"zdrowie i fitness,cyjanek,trucizna,jab³ka,witaminy z grupy b,witamiana b17";1;0
"346";3544518750;0;1;FALSE;"Czas powagi, koniec jase³ek. Trudny czas";0;0;"kraj";0;0
"347";6100337110;0;2;FALSE;"Szef MSW: nie mamy mocnych instrumentów nacisku ws. uchodŸców";0;1;"niemcy,uchodŸcy,œwiat";0;0
"348";3929386825;2;1;TRUE;"Rz¹d oszczêdza nawet na barach mlecznych!";1;0;"finanse,bary mleczne,dotacja,ministerstwo finansów";0;0
"349";2340317916;0;3;FALSE;"HTC Vive: ograniczona premiera jeszcze w tym roku";0;0;"gad¿ety,technowinki";1;0
"350";3968765149;1;0;TRUE;"Wielka ewakuacja w G³ogowie";1;0;"polska,wroc³aw,wroc³aw,g³ogów,wielka ewakuacja w g³ogowie,gaz,stra¿ po¿arna,rura gazowa,mieszkañcy,ewakuacja";1;0
"351";4425213959;0;1;FALSE;"KE: Polska dostanie 69,3 mln euro na politykê migracyjn¹";0;1;"ue";1;0
"352";4173571299;0;2;FALSE;"Wnioski o zasi³ki przez internet - prezydent podpisa³ ustawê";0;1;"zasi³ek,kraj,andrzej duda";1;0
"353";4290437889;0;1;FALSE;"Rewolucja! Test na raka zrobisz w domu";1;0;"zdrowie i fitness,rak,rak szyjki macicy,szyjka macicy,cytologia,badanie cytologiczne,test na raka,hpv,wirus hpv";1;0
"354";5375383625;0;2;FALSE;"Instytut Filozofii U£ przygotowa³ wyk³ady dla ³ódzkich szkó³";0;1;"³ódŸ";0;0
"355";5631243159;2;0;TRUE;"Zlikwiduj¹ im ""dom"" przez przepisy po¿arowe";1;0;"wroc³aw,absurd,¿ukowice,przytulisko,bezdomni";1;0
"356";2652057237;1;1;FALSE;"Krzysztof Ignaczak: oby nasz walec dojecha³ do Rio";0;0;"puchar œwiata w siatkówce – japonia 2015,krzysztof ignaczak,reprezentacja polski,siatkówka,reprezentacje,stephane antiga";1;0
"357";2403899849;0;1;FALSE;"Andy Burnham: nie mo¿emy groziæ Unii Brexitem";0;0;"partia pracy,wielka brytania i irlandia";1;0
"358";3600388659;1;0;TRUE;"IV Festiwal Literacki Sopot poœwiêcony literaturze czeskiej";0;1;"festiwal,czechy,ksi¹¿ki,bohumil hrabal,franz kafka,niebo nad berlinem,literatura,sopot,hanna krall";1;0
"359";3030757363;1;0;TRUE;"Upa³y do po³owy sierpnia";1;0;"wroc³aw,wroc³aw ostrze¿enie,wroc³aw temperatury,wroc³aw upa³,gor¹co,prognoza pogody,rekord gor¹ca,temperatury,upa³,wysokie temperatury";1;0
"360";6132173844;1;1;FALSE;"Najgorsze i najlepsze miejsca do ¿ycia w Wielkiej Brytanii";0;0;"wielka brytania i irlandia";1;0
"361";4539580179;2;0;TRUE;"Mleko jednak szkodzi zdrowiu? Niepokoj¹ce wyniki badañ szwedzkich naukowców";0;0;"mleko,wapñ,osteoporoza,koœci,¿ycie i zdrowie";1;0
"362";4442918884;0;1;FALSE;"Firmy z kraju i zagranicy prowadz¹ biznes na Mazurach";0;1;"mazury,kraj,firma,turystyka";1;0
"363";3773921881;0;2;FALSE;"Pamiêtanie Mi³osza w 11. rocznicê œmierci poety";0;1;"czes³aw mi³osz,ogród nauk,ksi¹¿ki,portret podwójny,góry parnasu,jakiego¿ to goœcia mieliœmy. o annie œwirszczyñskiej";1;0
"364";2562463715;1;0;TRUE;"Donbas: rekordowa liczba ataków na ukraiñskie pozycje";0;0;"kryzys na ukrainie,œwiat";1;0
"365";3199137728;1;0;TRUE;"Gaz na porodówce w GnieŸnie!";1;0;"poznañ,gniezno,szpital,ci¹¿a,ciê¿arne,gaz rozweselaj¹cy,porodówka,oddzia³ po³o¿niczy,wielkopolska";1;0
"366";2913417366;1;2;FALSE;"Dane z USA i g³osowanie w Senacie to g³ówne czynniki mog¹ce wp³ywaæ na PLN w pi¹tek";0;1;"wiadomoœci walutowe";1;0
"367";4211504436;1;0;TRUE;"Piraci z Politechniki Œl¹skiej kradli programy";1;0;"katowice,gliwice,politechnika œl¹ska,pirackie oprogramowanie,nielegalne serwery,naukowcy,prokuratura okrêgowa gliwice";1;0
"368";5942189850;1;0;TRUE;"Œmiertelnie chora kobieta przyœpieszy³a œlub. Wzruszaj¹ca ceremonia";0;0;"œlub,zdrowie";1;0
"369";4920114873;2;0;TRUE;"Jaros³aw Gowin z wizyt¹ na Kujawach i Pomorzu";0;0;"kraj,kujawsko-pomorskie";1;0
"370";4940582277;1;0;TRUE;"Matt Damon na pierwszym zdjêciu z ""Bourne'a 5""";0;0;"bourne 5,matt damon,film";1;0
"371";3780255610;1;1;FALSE;"Warszawa: po¿ar na remontowanym Moœcie £azienkowskim";0;1;"infrastruktura,warszawa,kraj,magazyn nieruchomoœci";1;0
"372";5713535031;0;1;FALSE;"PSE wprowadza ograniczenia w dostawach i poborze energii w ca³ym kraju";0;1;"elektrycznoœæ,magazyn przemys³,kraj,magazyn energetyka";1;0
"373";5306696917;0;1;FALSE;"Politycy i publicyœci komentuj¹ orêdzie i decyzjê prezydenta Andrzeja Dudy";0;0;"andrzej duda,kraj,polityka";1;0
"374";2690095779;1;1;FALSE;"Indie: po eksplozji w³adze szukaj¹ w³aœciciela materia³ów wybuchowych";0;1;"indie,œwiat,wybuch";1;0
"375";4866474762;1;1;TRUE;"Google zmienia politykê aktualizacji Nexusa";0;0;"technowinki,smartfony";1;0
"376";4141724306;1;1;TRUE;"Ptasie brzuchy wype³nione œmieciami. Alarmuj¹ce dane naukowców";0;0;"zwierzêta,ciekawostki";1;0
"377";5736783827;1;0;TRUE;"PKS Bia³ystok sprzeda³ nieruchomoœci w centrum miasta za 14,9 mln z³";0;1;"bia³ystok";1;0
"378";3075009793;1;2;FALSE;"Kobe Bryant zakoñczy karierê po sezonie 2015-16?";0;0;"koszykówka,nba,kobe bryant,los angeles lakers";1;0
"379";5207264860;1;0;TRUE;"Aquapark w Koszalinie otwarty. Pierwsze wra¿enia";0;0;"koszalin,szczecin";1;0
"380";5131501137;2;1;TRUE;"Puchar Œwiata: Japonia sensacyjnie pokona³a RPA";0;1;"puchar œwiata w rugby - wielka brytania 2015,rugby";1;0
"381";3707718569;0;3;FALSE;"Wybory prezydenckie w USA: wed³ug sonda¿y Trump zwiêksza przewagê, maleje poparcie dla Busha";0;1;"usa,œwiat,donald trump";1;0
"382";4742097967;1;2;FALSE;"Wspomnienia wêgierskich korespondentów z I wojny œw. na wystawie w Nowym S¹czu";0;1;"nowy s¹cz,kraków";0;0
"383";4439343956;1;0;TRUE;"Wypadek w okolicach Jedwabnego, jedna osoba nie ¿yje";0;0;"policja,bia³ystok";1;0
"384";4171701643;3;2;TRUE;"Hubert Urbañski: homar i cygaro dla ka¿dego";0;0;"gwiazdy,facet,znani,hubert urbañski";1;0
"385";1937903769;1;0;TRUE;"Wypadki motocyklistów na Œl¹sku. Policja apeluje";0;0;"œl¹sk";1;0
"386";5394367790;0;1;FALSE;"Od gwoŸdzia do Europy. Tak powsta³ Wielton, polska firma z europejskiej czo³ówki";0;0;"magazyn przemys³";1;0
"387";4008952819;3;0;TRUE;"Trafi³ butelk¹ w 18-miesiêczne dziecko. Mia³ 1,5 promila";1;0;"polska,lewin brzeski,opole,województwo opolskie,wronów,dziecko uderzone w g³owê,dziecko uderzone butelk¹ w g³owie";1;0
"388";5450964465;1;2;FALSE;"Poznamy laureatów Konkursu M³odego Kina i Konkursu Filmów Krótkometra¿owych w Gdyni";0;0;"trójmiasto";1;0
"389";4108768571;2;0;TRUE;"W³ochy: kamorra straszy³a swe ofiary krokodylem";0;1;"w³ochy,œwiat,mafia";1;0
"390";2077609642;0;1;FALSE;"£uk Polski Triumfuj¹cej";0;0;"opinie";1;0
"391";5594018922;2;1;TRUE;"Rozwód z orzekaniem o winie";1;0;"prawo,rozwód,rozwód z orzekaniem o winie,alimenty,alimenty dla ¿ony,alimenty dla mê¿a";1;0
"392";6062685606;1;0;TRUE;"Przystanek Woodstock: zatruli siê p³ynem do mycia felg";0;0;"przystanek woodstock 2015,lubuskie";1;0
"393";3386594070;2;0;TRUE;"Chcesz schudn¹æ? Musisz ograniczyæ jeden sk³adnik";1;0;"zdrowie i fitness,zdrowa dieta,skuteczna dieta,dieta niskot³uszczowa,t³uszcze w diecie,wêglowodany w diecie";1;0
"394";3116994322;0;1;FALSE;"Tusk kontra Juncker. ""Kwestia uchodŸców polem bitwy""";0;0;"uchodŸcy,œwiat,imigracja,donald tusk,jean claude juncker,ue";1;0
"395";4130359723;3;0;TRUE;"59-letnia Monika Olejnik na pla¿y w bikini";0;0;"monika olejnik";1;0
"396";3718196366;0;2;FALSE;"Jerzy Vetulani: szeœciolatki niezdolne do rozpoczêcia nauki s¹ niedorozwiniête";0;0;"jerzy vetulani,edukacja,kraj";1;0
"397";4039310712;1;0;TRUE;"Robert Rozmus o swoim póŸnym ojcostwie";0;0;"robert rozmus";1;0
"398";2087130622;2;2;FALSE;"Kiss i rekord iloœci z³otych p³yt";0;0;"kiss,muzyka,rock";1;0
"399";2913851711;1;0;TRUE;"Piotr Nowakowski: nasz diesel zapali³ dopiero w drugim secie";0;0;"puchar œwiata w siatkówce – japonia 2015,reprezentacja polski,siatkówka,reprezentacje,piotr nowakowski";1;0
"400";5949157188;2;1;TRUE;"Rajd Niemiec: obiecuj¹cy test  Roberta Kubicy";0;1;"rajdy samochodowe,robert kubica,motorowe";1;0
"401";4450666183;1;0;TRUE;"PEKA ju¿ dzia³a. Biletowy parali¿ trwa³ pó³ dnia";1;0;"poznañ,poznañ,komunikacja miejska,ztm,peka,bilety,czytniki kart peka,awaria,usterka";1;0
"402";3833663658;1;1;TRUE;"Rummikub - zabawa dla ca³ej rodziny!";0;0;"szczecin";0;0
"403";5983282009;1;0;TRUE;"Katarzyna Bujakiewicz pomaga wyskoczyæ z kapci";0;0;"katarzyna bujakiewicz,¿ycie gwiazd";1;0
"404";1943353948;0;1;FALSE;"McDonald’s siê kurczy";0;0;"mcdonalds,magazyn handel,œwiat";1;0
"405";2886783050;0;1;FALSE;"Francja: Le Pen za³o¿y³ nowa partiê - Zwi¹zek Niebiesko-Bia³o-Czerwony";0;1;"francja,marine le pen,kraj,œwiat";1;0
"406";2996052161;0;1;FALSE;"To niepozorne drzewko by³o œwiadkiem tragicznej historii";0;0;"ciekawostki,usa";1;0
"407";5469723117;0;3;FALSE;"Rz¹d w poniedzia³ek m.in. o projekcie ustawy bud¿etowej na rok 2016";0;1;"rz¹d,kraj,bud¿et";0;0
"408";5779433363;2;0;TRUE;"11-letni ch³opiec w kampanii Acne Studios";0;0;"newsy";1;0
"409";4047220285;2;0;TRUE;"Detektyw: trzeci sezon w przygotowaniach?";0;0;"detektyw (serial),seriale";1;0
"410";2821771041;0;2;FALSE;"Gie³da w Atenach bez dna";0;0;"grecja na krawêdzi bankructwa,wiadomoœci gie³dowe,ue";1;0
"411";5410315818;0;3;FALSE;"Hollande: we wtorek rozpoczniemy loty zwiadowcze w Syrii";0;1;"francja,syria,œwiat,francois hollande";1;0
"412";2425640485;0;1;FALSE;"Iran: wyrok na korespondenta ""Washington Post"" w ci¹gu tygodnia";0;1;"iran,œwiat,teheran";1;0
"413";4622097724;0;2;FALSE;"Angela Merkel: ci, którzy potrzebuj¹ pomocy, musz¹ dostaæ azyl w Europie";0;0;"niemcy,œwiat,angela merkel,uchodŸcy,ue";1;0
"414";6000885969;3;0;TRUE;"Solaria grozy! S¹ niebezpieczne!";1;0;"konsument,solarium,solaria,kontrola solariów,inspekcja handlowa,oszustwa,opalanie,promieniowanie";1;0
"415";3279950380;0;2;FALSE;"EBI skredytuje miliardem euro badania i innowacje w Polsce";0;0;"banki,inwestycje,kraj";1;0
"416";5669954233;0;2;FALSE;"Turcja: atak zwolenników AKP na redakcjê dziennika ""Hurriyet""";0;1;"turcja,œwiat";0;0
"417";4993487650;0;1;FALSE;"Chiny: Dziewczynka czeka³a na operacjê serca. Jej zdjêcie z chirurgiem sta³o siê hitem internetu";0;0;"chiny,ciekawostki,œwiat";1;0
"418";5293553579;1;0;TRUE;"9 rad, jak kupiæ trafione prezenty na œwiêta";1;0;"dobre rady,prezent pod choinkê,prezent na gwiazdkê,œwi¹teczny prezent,œwi¹teczne zakupy,co na prezent,œwi¹teczna gor¹czka,œwiêta,miko³aj";1;0
"419";2533861274;0;2;FALSE;"Gie³dy w USA kontynuuj¹ odbicie";0;1;"wiadomoœci gie³dowe,usa";1;0
"420";3948970565;0;3;FALSE;"W Londynie od 5 dni miedŸ tanieje, a cena mo¿e spaœæ nawet do 3,5-4 tys. USD/t";0;1;"miedŸ,wiadomoœci gie³dowe (œwiat)";1;0
"421";3043798646;0;2;FALSE;"Serbia gotowa podj¹æ rozmowy z UE ws. liczby przyjmowanych uchodŸców";0;1;"serbia,œwiat";0;0
"422";3717000699;0;2;FALSE;"Zbieraj¹ podpisy pod petycj¹ o u³askawienie maszynisty";0;0;"olsztyn";1;0
"423";4687580471;1;0;TRUE;"Klawiatura Emoji";0;0;"gad¿ety,technowinki";1;0
"424";4955080927;1;0;TRUE;"Ghost B.C. opublikowali nowy utwór";0;0;"ghost b. c.,muzyka,metal";1;0
"425";2485344911;4;0;TRUE;"M³odziutka Kate Moss na ok³adce L'Officiel";0;0;"moda";1;0
"426";1876661375;1;1;FALSE;"Miles Teller w filmie ""Thank You For Your Service""?";0;0;"miles teller,film";1;0
"427";3975332815;1;0;TRUE;"Paloma Faith zosta³a twarz¹ Agent Provocateur";0;0;"newsy";1;0
"428";5295780652;0;2;FALSE;"Kopacz: w poniedzia³ek projekt ustawy o Lasach Pañstwowych";0;1;"leœnictwo,kraj,magazyn rolnictwo,prawo";1;0
"429";4249413251;1;0;TRUE;"Po¿egnalna mini-trasa T.Love Alternative coraz bli¿ej";0;0;"t.love,rock,koncerty";1;0
"430";2184336508;2;0;TRUE;"Partner Macieja Zienia przyj¹³ jego nazwisko?";0;0;"maciej zieñ";1;0
"431";5724766197;1;2;FALSE;"Ponton: coraz m³odsze osoby maj¹ kontakt z pornografi¹";0;1;"pornografia,kraj";0;0
"432";3753809140;0;3;FALSE;"Watykan: Papie¿ przyj¹³ prezydenta Izraela";0;1;"watykan,œwiat,papie¿ franciszek";1;0
"433";3825551720;0;3;FALSE;"Macedonia: stan wyj¹tkowy w nadgranicznych regionach z powodu uchodŸców";0;1;"macedonia,œwiat,uchodŸcy";0;0
"434";4670535370;0;2;FALSE;"Wiceszef MON w Œwiêto Lotników: polskie niebo dobrze chronione";0;1;"mon,kraj";0;0
"435";3767999714;1;0;TRUE;"Florencja - wysokie kary za selfie na zabytkowych pomnikach i rzeŸbach";0;1;"w³ochy,selfie,turyœci";1;0
"436";2985361171;1;0;TRUE;"Polka zamordowa³a 4-letni¹ córkê. Z biedy?";1;0;"œwiat,morderstwo,zabójstwo,œmieræ,zabójstwo 4-letniej dziewczynki,morderstwo w wiedniu,wiedeñ,austria,matka zabi³a dziecko,matka zabi³a córkê";1;0
"437";2911718987;0;1;FALSE;"Wiêcej kredytów MdM, ale pieni¹dze szybko siê nie skoñcz¹";0;0;"mieszkanie dla m³odych,analizy rynku nieruchomoœci,mieszkania,kupujê mieszkanie!,magazyn nieruchomoœci,dop³aty";1;0
"438";4684782401;0;3;FALSE;"Rosja: recesja pog³êbia siê, gospodarka skurczy³a siê prawie o 5 proc.";0;1;"rosja,gospodarka,œwiat";1;0
"439";3883699984;1;0;TRUE;"Zjad³eœ to? Uwa¿aj na ""syndrom chiñskiej restauracji""!";1;0;"zdrowie i fitness,jedzenie,glutaminian sodu,ulepszacze smaku,zatrucie,syndrom chiñskiej restauracji,mieszanki przypraw";1;0
"440";3980284009;0;2;FALSE;"GBP w centrum uwagi";0;0;"komentarze walutowe,eurusd,audusd";0;0
"441";2025267103;0;1;FALSE;"Burmistrz Pieniê¿na apeluje o wp³aty na rozbiórkê pomnika Czerniachowskiego";0;1;"pomniki,olsztyn";0;0
"442";6017647567;0;2;FALSE;"W Europie na rynkach odbicie indeksów, rosn¹ spó³ki IT, Grecja coraz bli¿ej kasy";0;1;"wiadomoœci gie³dowe (œwiat)";1;0
"443";3352390018;0;1;FALSE;"Rz¹d odda Polakom 2 miliardy z³otych?";1;0;"finanse,opiekunowie,niepe³nosprawni,pieni¹dze,rz¹d";1;0
"444";3367301653;0;2;FALSE;"Rozstrzygniêto I konkurs Miêdzynarodowego Funduszu Filmowego w Krakowie";0;1;"kraków";0;0
"445";2354808494;1;0;TRUE;"Anthony Hayes zagra z Bradem Pittem w ""War Machine""";0;0;"film,anthony hayes,war machine";1;0
"446";5717940823;0;1;FALSE;"PHN rozwi¹za³ JV z Hochtief, chce nadal kontynuowaæ projekt wie¿owca w Warszawie";0;0;"phn sa";0;0
"447";2659898620;3;0;TRUE;"Kobieta czyta ksi¹¿kê bezdomnym psom. Zdjêcie obieg³o sieæ";0;0;"ciekawostki";1;0
"448";3604940455;0;1;FALSE;"Egipt: nowe z³o¿a gazu ziemnego";0;0;"ropa,magazyn energetyka,œwiat";1;0
"449";5931401968;0;1;FALSE;"Trzaskowski: przyjmowanie uchodŸców musi pozostaæ dobrowolne";0;1;"uchodŸcy,kraj,msz";1;0
"450";4472045461;1;1;FALSE;"Vlade Divac i Predrag Stojakoviæ z dyrektorskimi posadami w Sacramento Kings";0;0;"koszykówka,nba";1;0
"451";3719957591;0;1;FALSE;"Merkel przedstawi³a biografiê swego rywala Schroedera";0;1;"angela merkel,gerhard schroeder,niemcy,œwiat";1;0
"452";3824733995;0;1;FALSE;"Turcja: up³yn¹³ termin sformowania koalicji rz¹dz¹cej";0;1;"turcja,œwiat";0;0
"453";2104746380;0;2;FALSE;"14 prac Giotta na wyj¹tkowej wystawie w Mediolanie";0;1;"w³ochy,œwiat";0;0
"454";6040256223;0;2;FALSE;"Z 500 mln euro dla rolników - dla Polski 28,9 mln. Sawicki rozczarowany";0;1;"marek sawicki,kraj,ue,rolnictwo";1;0
"455";2097327864;0;1;FALSE;"Z³oty wpatrzony w EUR/USD i dane z USA";0;0;"komentarze walutowe";1;0
"456";5737603965;0;1;FALSE;"Chaos i opóŸnienia w komunikacji lotniczej na wschodzie USA";0;1;"usa,œwiat";0;0
"457";2852953658;0;2;FALSE;"Spadki w USA na ostatniej sesji w sierpniu";0;1;"wiadomoœci gie³dowe (œwiat)";1;0
"458";4971259482;0;1;FALSE;"Wykopaliska hamuj¹ budowê S7. Odkryto ""skarby"" z okresu staro¿ytnoœci";0;0;"archeologia,olsztyn,s7,remonty";1;0
"459";3228854755;0;3;FALSE;"Poprawa nastrojów na rynkach finansowych";0;0;"komentarze walutowe,komentarze gie³dowe (œwiat)";1;0
"460";5563210293;1;0;TRUE;"Napad³a na przystanku na kobietê";1;0;"wroc³aw,krzyki napad,wroc³aw krzyki,wroc³aw policja,dolny œl¹sk policja,asp. wojciech jab³oñski,wojciech jab³oñski,rozbój na krzykach,rozbój wroc³aw,pobi³a za telefon komórkowy,napad we wroc³awiu,napad na przystanku";1;0
"461";4597506514;0;1;FALSE;"Gie³dy w Azji: Nikkei 225 wzrós³ o 0,81 proc.,SCI zyskuje 1,04 proc.";0;1;"wiadomoœci gie³dowe (œwiat)";1;0
"462";6061420286;5;0;TRUE;"Kylie Jenner znów zmieni³a kolor w³osów! Czy zostanie blondynk¹ na d³u¿ej?";0;0;"ludzie";1;0
"463";2942044002;2;0;TRUE;"Kierowcy p³ac¹ za gad¿ety i potem z nich nie korzystaj¹";0;0;"motoryzacja,technowinki";1;0
"464";3713596526;0;2;FALSE;"Austria: szef MSZ za wprowadzeniem kontroli na granicach";0;1;"austria,niemcy,uchodŸcy,schengen,œwiat";1;0
"465";3494783632;1;1;TRUE;"Skromny urzêdnik. Mia³ w domu 116 milionów z³otych";1;0;"polska,œwiat,finanse,indie,³apówka,³apówki,bra³ ³apówki,in¿ynier komunalny,urzêdnik miejski,pronab adhikary,howrah,kalkuta,deweloperzy,rynek nieruchomoœci,korupcja";1;0
"466";5632332135;0;1;FALSE;"Spadki na akcjach PGE. Politycy, ratuj¹c górnictwo, rujnuj¹ inwestorów";0;0;"energetyka,górnictwo,pge,wiadomoœci gie³dowe (kraj),energa,tauron polska energia s.a.,kraj,magazyn energetyka,elektrycznoœæ";1;0
"467";2811767874;0;1;FALSE;"Order Uœmiechu dla Andrzeja Maleszki";0;1;"andrzej maleszka,kraj";0;0
"468";4058039527;1;3;FALSE;"Nie dokarmiajcie dzików!";1;0;"gdañsk,gdañsk,zwierzêta,parking,woj. pomorskie";1;0
"469";5632278883;1;0;TRUE;"By³y wiêzieñ Auschwitz za pomoc¹ Facebooka poszukuje swojego brata";0;0;"auschwitz,kraj,œwiat,ii wojna œwiatowa";1;0
"470";5100157735;2;1;TRUE;"Og³oszono nominacje do Z³otych D¿ojstików - s¹ polskie akcenty";0;0;"golden joystick awards";1;0
"471";2655687797;0;1;FALSE;"Ryland Lynch w roli supportu przed koncertem R5 w Polsce";0;0;"r5,muzyka,koncerty";1;0
"472";3556874863;0;2;FALSE;"Pekin 2015: osiem medali Polaków, rekord Ashtona Eatona, popis Usaina Bolta";0;1;"lekkoatletyczne mistrzostwa œwiata w pekinie,lekkoatletyka,usain bolt";1;0
"473";3351609336;2;2;FALSE;"Premier Kopacz odpowiedzia³a na apel Olgierda £ukaszewicza";0;0;"olgierd ³ukaszewicz,film";1;0
"474";3807087431;0;2;FALSE;"Sukcesy gwiazd Lotto Warszawskiego Memoria³u Kamili Skolimowskiej na presti¿owym mityngu w Berlinie";0;0;"lekkoatletyka,memoria³ kamili skolimowskiej";1;0
"475";2200169298;0;2;FALSE;"Ekspert: obni¿anie wieku emerytalnego jest krótkowzroczne";0;1;"wiadomoœci (emerytury)";1;0
"476";5633793395;1;0;TRUE;"Ewelina Lisowska przeprasza fanów. ""Przyznam szczerze, ¿e jestem wyczerpana!""";0;0;"ewelina lisowska,muzyka";1;0
"477";4896234552;1;0;TRUE;"Zimno? To danie rozgrzeje ciê lepiej ni¿...";1;0;"kuchnia,zupa gulaszowa,przepis na zupê gulaszow¹,przepis na zupê,gulasz,przepis na gulasz,przepisy,bogracz,przepis na bogracz,wêgierska zupa gulaszowa";1;0
"478";4743045877;0;1;FALSE;"Piechociñski: bêdzie ponad 6,5 mld euro nadwy¿ki w handlu ¿ywnoœci¹";0;1;"¿ywnoœæ,statystyka,magazyn ¿ywnoœæ";1;0
"479";2257355467;1;0;TRUE;"Kim Gordon w niemieckim horrorze";0;0;"kim gordon,rock,sonic youth";1;0
"480";3689854306;0;1;FALSE;"¯ycie kulturalne pierwszych lat polskiego Szczecina na wystawie";0;1;"wystawy,szczecin";1;0
"481";4876361479;0;1;FALSE;"Windows 10: menu Start z ograniczeniami";0;0;"oprogramowanie,technowinki";1;0
"482";4671653259;0;1;FALSE;"71 lat temu Niemcy zlikwidowali obóz cygañski w Birkenau";0;1;"historia,ii wojna œwiatowa,kraków";1;0
"483";3338207765;0;1;FALSE;"Z daleka od ryzyka";0;0;"komentarze walutowe";1;0
"484";3868981548;0;1;FALSE;"Micha³ Kubiak: nie po to od miesi¹ca tu siedzimy, by przegraæ dwa ostatnie mecze";0;0;"puchar œwiata w siatkówce – japonia 2015,siatkówka,micha³ kubiak,reprezentacje,reprezentacja polski";1;0
"485";3506359093;2;0;TRUE;"Asseco Resovia odrzucona z powodu... kryzysu";0;0;"siatkówka";1;0
"486";2078846077;0;4;FALSE;"Sopot Molo Jazz Festival po raz 19. startuje w pi¹tek";0;1;"muzyka,koncerty";0;0
"487";5108885462;1;0;TRUE;"Jak kupiæ dobre miêso i wêdlinê? PORADY";1;0;"konsument,miêso,wêdlina,zakupy,rady,pakowanie,ch³odnia,etykieta";1;0
"488";4802824878;0;1;FALSE;"Kraków: fala skarg do Pañstwowej Inspekcji Pracy z powodu upa³ów";0;0;"topr,kraków";1;0
"489";3919866058;0;2;FALSE;"Francja rozwa¿a wsparcie czeskiego programu nuklearnego";0;1;"francja,czechy,œwiat";1;0
"490";1853094814;0;1;FALSE;"EuroBasket 2015: Polacy trenowali w samo po³udnie";0;1;"koszykówka,eurobasket 2015,reprezentacje,reprezentacja polski";1;0
"491";2068317033;0;2;FALSE;"K³opotek i Sosnowski na czele list PSL";0;1;"psl,kujawsko-pomorskie";0;0
"492";5398071768;1;0;TRUE;"Kanada: hakerzy ujawniaj¹ dane klientów portalu randkowego";0;1;"kanada,œwiat";1;0
"493";5369171860;1;0;TRUE;"Separacja. Jakie s¹ jej rodzaje?";1;0;"prawo,separacja,separacja prawna,dziedziczenie w separacji";1;0
"494";2802293799;0;1;FALSE;"Zmiany w ramówce RMF FM. Znika program Agnieszki Chyliñskiej";0;0;"agnieszka chyliñska,rmf fm";1;0
"495";4141260432;0;2;FALSE;"Lekkoatletyczne MŒ: Polacy przechodz¹ aklimatyzacjê w Japonii";0;1;"lekkoatletyczne mistrzostwa œwiata w pekinie,lekkoatletyka";1;0
"496";2490433857;2;0;TRUE;"Starszy mê¿czyzna oszukany metod¹ ""na piersi""";0;0;"policja,kraj,bi³goraj,kradzie¿";1;0
"497";4279131553;1;0;TRUE;"„Mieszczê sie przy toalecie, co chwilê otwieraj¹ sie zepsute drzwi i inhalujê siê czyj¹œ uryn¹”";0;0;"zdrowie,¿ycie i zdrowie";1;0
"498";4450384954;1;0;TRUE;"Oprócz obowi¹zkowych parawanów w tym roku trzeba koniecznie kupiæ... ¯yda. I powiesiæ go do góry nogami";0;0;"opinie";1;0
"499";5364179112;1;1;FALSE;"Na urlopie dopada nas praca";0;1;"wiadomoœci z rynku pracy,kraj,wiadomoœci";1;0
"500";4803982170;1;0;TRUE;"Half Moon Run z utworem ""Turn Your Love""";0;0;"half moon run,muzyka,rock";1;0
"501";3095022918;1;0;TRUE;"Powo³ano reprezentacjê Polski futbolistów amerykañskich";0;0;"futbol amerykañski";1;0
"502";2857324104;1;0;TRUE;"Arabskie sposoby na urodê";1;0;"moda i uroda,kobieta,uroda,arabki,zabiegi pielêgnacyjne,arabskie sposoby na urodê,henna,depilacja";1;0
"503";5771616091;1;0;TRUE;"Gamescom 2015 - The Elder Scrolls VI? To melodia (odleg³ej) przysz³oœci";0;0;"fallout 4,the elder scrolls v: skyrim,gamescom 2015";1;0
"504";6118105667;0;1;FALSE;"Petter Northug nie wystartuje w Pucharze Œwiata 2015/2016";0;1;"biegi,petter northug,zimowe,biegi narciarskie,puchar œwiata";1;0
"505";2676129674;0;2;FALSE;"Pod Grunwaldem naukowcy bêd¹ poszukiwaæ œladów po krzy¿ackim obozie";0;1;"olsztyn";0;0
"506";4233522639;1;1;FALSE;"Elitserien: znakomity Piotr Pawlicki, skuteczny Musielak, wysokie zwyciêstwo Piratów";0;0;"¿u¿el,elitserien,piotr pawlicki,tobiasz musielak";1;0
"507";3267812060;1;0;TRUE;"Jaskrawe szminki! To bêdzie hit na wiosnê";1;0;"moda i uroda,trendy w makija¿u,jak malowaæ siê w 2015,modny makija¿ w 2015,trendy 2015,make up 2015,konturówki 2015";1;0
"508";5122385543;0;1;FALSE;"Ma³opolskie: 25. Miêdzynarodowy Festiwal Muzyki Kameralnej i Organowej";0;1;"festiwale muzyczne,kraków";0;0
"509";3346775146;0;1;FALSE;"NBA: Steve Nash w Galerii S³aw Phoenix Suns";0;1;"nba,koszykówka,phoenix suns";1;0
"510";5433564321;0;1;FALSE;"¯u¿lowe emocje w Zielonej Górze";0;0;"lubuskie";1;0
"511";5229602409;0;2;FALSE;"Grecja: trwaj¹ poszukiwania 26 imigrantów u wybrze¿y Lesbos";0;1;"uchodŸcy,grecja,œwiat";0;0
"512";2711181947;0;1;FALSE;"Berlin w¹tpi w szybkie porozumienie z Grecj¹";0;1;"grecja,grecja na krawêdzi bankructwa,magazyn finanse,niemcy,strefa euro,ue";1;0
"513";5470728140;0;1;FALSE;"Francja: napastnik z poci¹gu zidentyfikowany dziêki odciskom palców";0;0;"francja,œwiat";1;0
"514";3472639563;0;1;FALSE;"Dwie Zjednoczone Lewice w PKW";0;1;"wybory parlamentarne 2015,pkw,kraj";1;0
"515";4992650539;0;1;FALSE;"Chiny: mobilizacja 850 tys. osób do patrolowania parady wojskowej";0;1;"chiny,œwiat";0;0
"516";3890147806;0;1;FALSE;"Kreml: strona prezydenta Putina zaatakowana przez hakerów";0;1;"rosja,œwiat,w³adimir putin";1;0
"517";3362282687;0;1;FALSE;"Zakupy razem z kaw¹ i hot-dogiem";0;1;"detal,kraj,magazyn handel,statystyka";1;0
"518";3210997122;0;2;FALSE;"Warszawa: kradzie¿ przewo¿onych pieniêdzy";0;0;"warszawa";1;0
"519";2247379983;0;1;FALSE;"WiedŸmin: powstanie nowy serial? Fani podpisuj¹ petycjê";0;0;"wiedŸmin,seriale";1;0
"520";2938455416;1;0;TRUE;"Twój zwierzak boi siê fajerwerków? Jest na to sposób!";1;0;"dobre rady,pies w sylwestra,kot w sylwestra,pies a fajerwerki,pies boi siê fajerwerków,fajerwerki a zwierzê,co robiæ z psem w sylwestra,rady weterynarza,weterynarz radzi";1;0
"521";3117147983;1;1;FALSE;"Zamkniêto jedyn¹ nielegaln¹ ksiêgarniê w Nowym Jorku";0;0;"nielegalne,ksi¹¿ki,nowy jork,literatura";1;0
"522";5222434401;1;2;FALSE;"Dowód z (nie)kompetencji";1;0;"finanse,projekt bud¿etu 2013 r.,dochody,wzrost pkb,podatki";1;0
"523";3726835756;0;1;FALSE;"Talibowie: nie bêdzie pokoju, póki obce si³y nie opuszcz¹ Afganistanu";0;1;"afganistan,œwiat,talibowie";0;0
"524";5170483435;0;2;FALSE;"EuroBasket: rekordowa liczba widzów na meczu Hiszpanii z Francj¹";0;1;"koszykówka,ofsajd,faceci";1;0
"525";2940278684;1;0;TRUE;"Faceci uwielbiaj¹ modelki, ale ¿eni¹ siê z...";1;0;"seks i emocje,niskie dziewczyny,wysokie dziewczyny,niskie dziewczyny maj¹ lepiej,dlaczego mê¿czyŸni wybieraj¹ niskie";1;0
"526";5079343587;0;2;FALSE;"MFW zadowolony z porozumienia o restrukturyzacji d³ugu Ukrainy";0;1;"mfw,œwiat,ukraina,magazyn finanse,finanse publiczne";1;0
"527";4326543154;0;1;FALSE;"Sam Smith pracuje nad now¹ p³yt¹";0;0;"sam smith,muzyka";1;0
"528";2426032904;0;1;FALSE;"Zleca³ przemyt - zosta³ zatrzymany przez rzeszowskich policjantów";0;0;"rzeszów,kronika kryminalna";0;0
"529";1926282768;0;1;FALSE;"Panasonic zamknie fabrykê w Pekinie, zwolni 1300 osób";0;1;"magazyn przemys³,œwiat";1;0
"530";3091243051;0;1;FALSE;"Netflix zawita równie¿ do Polski";0;0;"internet,technowinki";1;0
"531";2814344398;0;1;FALSE;"Wtorek przynosi odreagowanie po poniedzia³kowej panice na rynkach";0;1;"wiadomoœci gie³dowe (kraj)";1;0
"532";4046392732;0;1;FALSE;"Rzeczpospolita: rz¹d na wojnie z oty³oœci¹";0;1;"oty³oœæ,kraj,spo³eczeñstwo";1;0
"533";5151173850;0;1;FALSE;"Bêd¹ trzynastki! Zobacz, kto dostanie";1;0;"finanse,trzynastki,pensje,urzêdy,zus,premia,pensje w bud¿etówce";1;0
"534";4778532142;0;1;FALSE;"Kung Fu Panda 3: Kate Hudson zamiast Rebel Wilson";0;0;"kung fu panda 3,kate hudson,rebel wilson,film";1;0
"535";3801474701;0;3;FALSE;"Stachañczyk: nie zobowi¹zaliœmy siê do przyjêcia wiêkszej liczby uchodŸców";0;1;"uchodŸcy w polsce,kraj,uchodŸcy";0;0
"536";3187393011;0;1;FALSE;"Z³otówka wzmocni³a siê w czwartek do euro i franka";0;1;"z³oty,kraj,wiadomoœci walutowe";1;0
"537";3322646288;0;1;FALSE;"Assistance przy po¿yczkach gotówkowych – warto o tym wiedzieæ i korzystaæ!";1;0;"finanse,assistance,kredyt,po¿yczka,kredyt gotówkowy,po¿yczka gotówkowa,ubezpieczenie kredytu,ubezpieczenie po¿yczki,assistance kredytu,assistance po¿yczki";1;0
"538";1923460772;3;0;TRUE;"Ta labradorka to prawdziwa gwiazda internetu! Zobaczcie, co zrobi³a dla swojej w³aœcicielki";0;0;"pies,pomoc";1;0
"539";5606120245;0;1;FALSE;"Spadek kontraktów na indeksy amerykañskie";0;1;"wiadomoœci gie³dowe (œwiat)";1;0
"540";3837565276;0;1;FALSE;"Otmuchów pokaza³ zysk na Odrze; liczy, ¿e ta spó³ka bêdzie na plusie tak¿e na koniec 2015 r.";0;1;"zpc otmuchów s.a.,wiadomoœci gie³dowe (kraj)";0;0
"541";4936450412;1;1;TRUE;"Firmy IT zatrudniaj¹ cheerleaderki, ¿eby poprawiæ atmosferê w pracy";0;0;"biznes,technowinki";1;0
"542";5963108275;0;2;FALSE;"Na Arce o ósmej pierwszym spektaklem sezonu w opolskim teatrze lalki";0;1;"teatr,opole";0;0
"543";2000720372;0;1;FALSE;"Szczecin: czwarte rowerowe spotkanie z histori¹";0;0;"szczecin";1;0
"544";4560881629;0;1;FALSE;"Statystyka wtorkowej sesji na GPW";0;1;"gpw,wiadomoœci gie³dowe (kraj)";1;0
"545";2489610766;0;1;FALSE;"Po ""houseboatach"" na mazurskie jeziora wkraczaj¹ szybkie ³odzie sportowe";0;1;"olsztyn";1;0
"546";5166972107;0;1;FALSE;"Iran: s¹d karze przestêpców nakazem czytania ksi¹¿ek";0;0;"³amanie prawa,iran,ksi¹¿ki,literatura,kary";1;0
"547";1985365284;0;1;FALSE;"6 GB pamiêci w smartfonach dziêki nowym koœciom Samsunga";0;0;"smartfony,technowinki";1;0
"548";5874346183;0;1;FALSE;"Ruszy³a druga edycja akcji ""Z AZS wKO£O Polski po marzenia""";0;0;"onet pro bono,kraj";1;0
"549";2827664411;0;1;FALSE;"Rumunia wzywa ambasadora Wêgier ws. planowanego ogrodzenia na granicy";0;1;"rumunia,œwiat,uchodŸcy";1;0
"550";5047562024;0;1;FALSE;"UchodŸcy i migranci ekonomiczni to dwie osobne grupy";0;1;"uchodŸcy,kraj";0;0
"551";5540842059;1;1;TRUE;"Rosyjski tabloid: to agenci CIA wysadzili malezyjskiego boeinga";0;0;"katastrofa malezyjskiego samolotu na ukrainie,œwiat";1;0
"552";3119384902;0;1;FALSE;"Ranking kredytów i po¿yczek gotówkowych – czerwiec 2014";1;0;"finanse,totalmoney.pl,ranking kredytów i po¿yczek gotówkowych,kredyty gotówkowe,po¿yczki gotówkowe";1;0
"553";2298646158;0;1;FALSE;"Obce niebo z Grochowsk¹ i Top¹ w paŸdzierniku w kinach";0;1;"obce niebo,agnieszka grochowska,bart³omiej topa,film";1;0
"554";2136785092;0;1;FALSE;"Australia: nowy premier bêdzie koncentrowa³ siê na gospodarce";0;1;"australia,œwiat";1;0
"555";4783110985;0;1;FALSE;"Niemcy zamkn¹ granice z powodu imigrantów?";1;0;"konsument,niemcy,strefa schengen,granica,imigranci,unia europejska,uchodŸcy,thomas de maiziere,berlin,ue";1;0
"556";3764417140;0;1;FALSE;"W³ochy s¹ najpowa¿niejszym kandydatem do opuszczenia strefy euro";0;0;"strefa euro,magazyn finanse,wiadomoœci walutowe,ue,w³ochy";1;0
"557";2776166662;0;1;FALSE;"Witold Jaworski zosta³ powo³any na cz³onka zarz¹du PZU";0;0;"ubezpieczenia,kraj,finanse,pzu,pzu s.a.,karuzela stanowisk";1;0
"558";2496579249;0;1;FALSE;"Rosyjskie zegarki Apple Watch";0;0;"apple,œwiat,rosja";1;0
"559";2015991184;0;1;FALSE;"MAC i Poczta bêd¹ wspó³pracowaæ w zakresie e-us³ug administracji";0;1;"administracja publiczna,poczta polska,mac,kraj,us³ugi,internet";1;0
"560";5872820783;0;1;FALSE;"Sam Smith opublikowa³ fragment piosenki ""Writing's On The Wall"" do filmu ""Spectre""";0;0;"sam smith,spectre";1;0
"561";4003231551;0;1;FALSE;"Piechociñski zachêca W³ochów do nowych inwestycji w Polsce";0;1;"piechociñski,inwestycje,kraj,inwestycje,wiadomoœci,w³ochy";1;0
"562";5746861863;0;1;FALSE;"Wrzeœniowe zmiany w komunikacji miejskiej";0;0;"lublin";1;0
"563";5245602895;0;2;FALSE;"USA: Chiny powinny powstrzymaæ szpiegostwo w sieci";0;1;"usa,chiny,magazyn it,bezpieczeñstwo";1;0
"564";3798569783;0;1;FALSE;"Steam Machine nie przejdzie w tryb wstrzymania?";0;0;"steam machine,valve,steam";1;0
"565";4392026498;0;1;FALSE;"Wicekanclerz: nawet milion uchodŸców mo¿e w tym roku przybyæ do Niemiec";0;1;"niemcy,uchodŸcy,œwiat";1;0
"566";5275663665;0;1;FALSE;"USA: ambasador Mull koordynatorem ds. wdra¿ania umowy z Iranem";0;1;"usa,iran,œwiat";0;0
"567";3839973538;1;0;TRUE;"Anita W³odarczyk: za doping do¿ywocie i do wiêzienia";0;1;"lekkoatletyczne mistrzostwa œwiata w pekinie,lekkoatletyka,anita w³odarczyk,rzut m³otem";1;0
"568";5874277418;0;1;FALSE;"Wypadek polskiej ciê¿arówki z uchodŸcami na S³owacji";1;0;"œwiat,wypadek,uchodŸcy,s³owacja,wypadek polskiej ciê¿arówki,ciê¿arówka z uchodŸcami";1;0
"569";2931896573;1;0;TRUE;"Fragment: ""Wada ukryta"" Thomas Pynchon";0;0;"wada ukryta,wada ukryta,w sieci,ksi¹¿ki,fragmenty ksi¹¿ek,charles manson,49 idzie pod m³otek";1;0
"570";1994681535;0;2;FALSE;"Uroczystoœci do¿ynkowe w regionie";0;0;"lublin";0;0
"571";3481853682;0;1;FALSE;"Znaczne och³odzenie w Beskidach";0;0;"œl¹sk";1;0
"572";5961315331;1;0;TRUE;"Micha³ Kubiak: spodziewaliœmy siê, ¿e ten mecz mo¿e byæ nerwowy";0;0;"puchar œwiata w siatkówce – japonia 2015,reprezentacja polski,siatkówka,reprezentacje,stephane antiga,reprezentacja egiptu,micha³ kubiak";1;0
"573";3553879670;1;1;FALSE;"Grupa Sportowa Orlen na mistrzostwa œwiata w Pekinie";0;0;"lekkoatletyczne mistrzostwa œwiata w pekinie,lekkoatletyka";1;0
"574";2112574115;2;0;TRUE;"Trzy tygodnie ostrego grania z Knock Out Tour";0;0;"decapitated,muzyka,metal,frontside";1;0
"575";2921393155;1;1;FALSE;"BM BG¯ BNP Paribas zaleca ""kupuj"" CCC i ""neutralnie"" dla LPP";0;1;"rekomendacje gie³dowe,ccc,wiadomoœci gie³dowe (kraj),lpp";0;0
"576";4327802917;0;1;FALSE;"Sejm za ratyfikowaniem przez Polskê poprawki dauhañskiej do Protoko³u z Kioto";0;1;"klimat,sejm,kraj,magazyn energetyka";1;0
"577";3678059152;1;1;FALSE;"Wielka Brytania: policja zwolni³a Polaka zatrzymanego za przewóz imigrantów";0;1;"polska,wielka brytania i irlandia,nielegalni imigranci";1;0
"578";2919511295;1;1;FALSE;"ME w siatkówce pla¿owej: æwieræfina³owe pora¿ki Polaków";0;1;"siatkówka pla¿owa,siatkówka,grzegorz fija³ek,mariusz prudel,piotr kantor,bartosz ³osiak";1;0
"579";4152478864;1;1;FALSE;"T³umy wiernych przyje¿d¿aj¹ na odpust do Kalwarii Zebrzydowskiej";0;0;"kraków";1;0
"580";4124658062;1;1;FALSE;"Premier: na modernizacjê marynarki wojennej 16 mld z³ w ci¹gu 10 lat";0;1;"ewa kopacz,kraj";1;0
"581";2267445956;0;3;FALSE;"Lasy Pañstwowe rekultywowa³y ok. 30 tys. ha lasów na terenach powojskowych";0;1;"lasy,kraj,œrodowisko";1;0
"582";3949533066;0;1;FALSE;"K. Sêdzikowski, KW: nieefektywni odpadn¹";0;0;"kopalnie,magazyn energetyka,kraj,magazyn przemys³";1;0
"583";4042142247;1;0;TRUE;"Cykl SEC 2016 w Polsce i Niemczech, kalendarz sezonu gotowy za dwa miesi¹ce";0;0;"speedway european championships,¿u¿el,sec";1;0
"584";3272956203;0;1;FALSE;"By³y szef obrony cywilnej strzela³ do ludzi";1;0;"politycy,mariusz furmanek,obrona cywilna";1;0
"585";4411551879;0;2;FALSE;"Washington Post: polityka UE ws. uchodŸców nie mo¿e byæ zak³adnikiem Wêgier";0;1;"wêgry,œwiat,media,ue,uchodŸcy";1;0
"586";2264098637;1;0;TRUE;"Orange - awaria sieci  na Górnym Œl¹sku";0;0;"biznes,technowinki";1;0
"587";3343174960;2;0;TRUE;"Dorota Wellman zosta³a twarz¹ znanej marki?";0;0;"dorota wellman,plotki,¿ycie gwiazd";1;0
"588";4571087636;0;1;FALSE;"MF: pañstwowy d³ug publiczny po II kw. wyniós³ 858.151,6 mln z³ i wzrós³ o 1,2 proc. kdk";0;1;"d³ug publiczny,kraj";0;0
"589";2654470534;2;0;TRUE;"Gimnazjalistki z Bielska-Bia³ej uratowa³y cz³owieka!";1;0;"polska,katowice,samobójca,nastolatka,dziewczynka,bielsko- bia³a";1;0
"590";3922257662;1;0;TRUE;"Puls Biznesu: pracy wystarczy dla wszystkich";0;1;"rz¹d,emigranci,kraj,uchodŸcy";1;0
"591";3306648300;1;1;FALSE;"Czy dane z USA coœ zmieni¹?";0;0;"komentarze walutowe,usdjpy,eurgbp";0;0
"592";5740380256;1;0;TRUE;"Kultowe kino akcji z Brucem Willisem w roli g³ównej!";1;0;"konsument,newsweek,szklana pu³apka 5";1;0
"593";5643776650;1;1;TRUE;"We wrzeœniu czeka nas kataklizm? NASA dementuje";0;0;"kosmos,œwiat,nasa";1;0
"594";3145570885;2;0;TRUE;"Minecraft: Story Mode - premiera ju¿ w paŸdzierniku?";0;0;"minecraft: story mode";1;0
"595";3154425729;1;0;TRUE;"Best Look: Crystal Reed w kombinezonie Bec & Bridge";0;0;"styl gwiazd";1;0
"596";1866028869;0;1;FALSE;"Agnieszka Nagay: mam z Rio dobre wspomnienia";0;1;"igrzyska olimpijskie - rio de janeiro 2016,strzelectwo,agnieszka nagay";1;0
"597";4246864928;1;0;TRUE;"Sposoby na piêkne usta zim¹";1;0;"dobre rady,sposoby na usta,domowe sposoby na usta,spierzchniête usta,jak mieæ ³adne usta,usta";1;0
"598";5448948173;1;0;TRUE;"Pogromczynie duchów odwiedzi³y dzieci w szpitalu";0;0;"pogromcy duchów 3,film";1;0
"599";5942577726;0;1;FALSE;"Policyjni ""wodniacy"" z Turawy dostali sprzêt za pó³ miliona z³otych";0;0;"policja,opole";0;0
"600";3174214507;0;1;FALSE;"Bia³ystok: przedstawienie o wywózkach na Sybir z udzia³em osób nies³ysz¹cych";0;1;"bia³ystok";1;0
"601";5633780267;0;1;FALSE;"Wkrótce XV Festiwal Orkiestr Dêtych w Rudzie Œl¹skiej";0;1;"œl¹sk";0;0
"602";4664767807;0;3;FALSE;"Miller: zrównowa¿ony rozwój kraju to wa¿ny punkt programu SLD";0;1;"leszek miller,rzeszów,sld,wybory parlamentarne 2015";1;0
"603";4870023995;0;1;FALSE;"Andrzej Pluta: ""Rzut z dystansu"" to ksi¹¿ka osobista";0;1;"koszykówka,reprezentacja polski,reprezentacje,andrzej pluta";1;0
"604";5854754582;0;2;FALSE;"Puls Biznesu: brak pr¹du sparali¿owa³ biznes";0;0;"pogoda,kraj";1;0
"605";4535212533;0;1;FALSE;"Uwaga na burze! Idzie zmiana w pogodzie";1;0;"polska,gdzie jest burza,nawa³nica,burza,burze nad polsk¹,prognoza pogody,pogoda na niedzielê,pogoda na poniedzia³ek,zmiana pogody";1;0
"606";3748443370;0;1;FALSE;"Nuland: USA bêd¹ wspiera³y Ukrainê w uregulowaniu konfliktu w Donbasie";0;1;"kryzys na ukrainie,usa,rosja,œwiat";1;0
"607";6083493049;0;1;FALSE;"PŒ w ³ucznictwie: fina³y we Wroc³awiu bez Polaków";0;1;"³ucznictwo";0;0
"608";1932153671;0;1;FALSE;"40. Festiwal Filmowy w Gdyni: m³odzi w akcji";0;0;"40. festiwal filmowy w gdyni,film";1;0
"609";4352527702;0;2;FALSE;"Co dalej z turystami z Alfa Star? Koczuj¹ na lotniskach!";1;0;"polska,konsument,alfastar,biuro podró¿y alfa star,upad³oœæ biura turystycznego,biuro podró¿y,co z turystami,turyœci,powrót do kraju,co dalej z turystami z alfa star,urz¹d marsza³kowski województwa mazowieckiego,urzêdy marsza³kowskie,gwarancja,ubezpieczenie";1;0
"610";4706504486;0;1;FALSE;"Ceny ropy w Nowym Jorku rosn¹";0;1;"ropa wti,ropa brent,ceny paliw,magazyn energetyka,wiadomoœci gie³dowe (œwiat),surowce";1;0
"611";2008966018;0;1;FALSE;"Rekordowa kwota ze sprzeda¿y bursztynu pochodz¹cego z przemytu";0;1;"przemyt,kraj,bud¿et";1;0
"612";4620124521;2;0;TRUE;"Napadli na kolegów na stacji benzynowej w Tucholi";0;0;"napad,kujawsko-pomorskie,policja";1;0
"613";5519530557;0;1;FALSE;"Pawe³ Kowal nie wystartuje w wyborach. ""Na d³u¿szy czas siê wy³¹czê""";0;0;"wybory parlamentarne 2015,kraj,pawe³ kowal,polska razem,pis";1;0
"614";4388629381;0;1;FALSE;"SpowiedŸ szaleñca zainauguruje XIII Ogólnopolski Przegl¹d Monodramu Wspó³czesnego";0;1;"warszawa";0;0
"615";2491667689;0;1;FALSE;"Dyskwalifikacja bu³garskich ciê¿arowców utrzymana przez CAS";0;1;"podnoszenie ciê¿arów";0;0
"616";4648700533;0;1;FALSE;"Billions: Paul Giamatti i Damian Lewis w nowym zwiastunie serialu";0;0;"damian lewis,paul giamatti,film";1;0
"617";2904214128;0;2;FALSE;"Policja szuka zaginionego 4-latka FOTO";1;0;"polska,wroc³aw,policja,policja jelenia góra,jelenia góra,porwany ch³opiec,porwanie,poszukiwany,porwanie jelenia góra,porwany olaf,olaf bystrzycki,porwanie dziecka";1;0
"618";2787912549;1;0;TRUE;"Pierwsza ofiara gor¹czki z³ota pod Wa³brzychem! Nie ¿yje 39-latek";1;0;"wroc³aw,wa³brzych,z³oty poci¹g,zgin¹³,poszukiwacz skarbów";1;0
"619";5293014036;0;1;FALSE;"Orban: Wêgry wyœl¹ policjantów na po³udniow¹ granicê po 15 wrzeœnia";0;1;"viktor orban,wêgry,imigracja,uchodŸcy,œwiat";1;0
"620";2601258606;0;1;FALSE;"Œl¹sk: autoportret Wojciecha Kossaka wróci³ do Muzeum w Górkach Wielkich";0;1;"œl¹sk";0;0
"621";5786371305;1;0;TRUE;"Frank Grillo zagra w ""Nocy oczyszczenia 3""";0;0;"frank grillo,film";1;0
"622";5884920751;0;1;FALSE;"Ka¿de okno wyprodukuje elektrycznoœæ";0;0;"technika,technowinki";1;0
"623";2388646096;0;1;FALSE;"Norwegia: nowy temat dla ""slow TV"" - migracje reniferów";0;1;"norwegia,œwiat";0;0
"624";6112855955;1;0;TRUE;"Macha³ krzes³em nad prezydentem. Odpowie za to";1;0;"kraków,atak krzes³em,prezydent,wybory,kraków,akt oskar¿enia";1;0
"625";4848408226;0;1;FALSE;"Minecraft - zagramy razem na komputerach i smartfonach";0;0;"minecraft";1;0
"626";4536461241;1;0;TRUE;"Magdalena Œroda rozprawia o penisach?";1;0;"politycy,magdalena œroda,falliczna polityka";1;0
"627";4246427886;1;0;TRUE;"To on udawa³ królow¹ na otwarciu igrzysk! SprawdŸ kto...";1;0;"londyn 2012,królowa el¿bieta ii,james bond,gary connery,londyn 2012,igrzyska olimpijskie,daniel craig,otwarcie igrzysk,bond królowa";0;0
"628";2477996718;0;1;FALSE;"Wystawa poœwiêcona historii Wschowy i jej okolic";0;1;"lubuskie";0;0
"629";3565462612;0;1;FALSE;"Wielka Brytania pomo¿e Francji broniæ eurotunelu";0;1;"francja,wielka brytania i irlandia";1;0
"630";2638365763;1;0;TRUE;"Zmasakrowa³ psa desk¹ z wbitymi gwoŸdziami";1;0;"wroc³aw,pies,znêca³ siê nad psem,pobi³ psa,strzelin,policja w strzelinie,policja,dolny œl¹sk,wroc³aw,krzysztof zaporowski,nadkom. krzysztof zaporowski";0;0
"631";5807347149;0;2;FALSE;"Ewa Kopacz apeluje do Andrzeja Dudy, by rozszerzy³ wniosek referendalny";0;1;"andrzej duda,kraj,ewa kopacz,referendum";1;0
"632";4573718398;0;1;FALSE;"Trump zobowi¹za³ siê do poparcia kandydata Republikanów w wyborach";0;1;"usa,œwiat,donald trump";1;0
"633";2458999947;0;1;FALSE;"P³ock wprowadza ograniczenia w ruchu samochodów ciê¿arowych";0;1;"p³ock,warszawa";1;0
"634";4324336188;0;1;FALSE;"W Wielkopolsce upamiêtniono dawn¹ spo³ecznoœæ ¿ydowsk¹";0;1;"¿ydzi,kraj";1;0
"635";2713142037;0;1;FALSE;"Australia: partia odsunê³a premiera Abbotta od w³adzy";0;1;"australia,œwiat";1;0
"636";4105778468;1;0;TRUE;"Pijany ojciec opiekowa³ siê dzieckiem. Mia³ trzy promile alkoholu we krwi";0;0;"rzeszów,kronika kryminalna";1;0
"637";6049709141;0;1;FALSE;"Kopacz i Merkel rozmawia³y o sytuacji uchodŸców w Europie";0;1;"ewa kopacz,kraj,angela merkel,niemcy,uchodŸcy,ue";1;0
"638";3135982544;0;2;FALSE;"KNF zatwierdzi³a prospekt emisyjny APS Energia";0;1;"knf,aps energia,wiadomoœci gie³dowe (kraj)";0;0
"639";5502480617;0;1;FALSE;"Libia: tonie ³ódŸ z 700 emigrantami na pok³adzie";0;1;"libia,œwiat,emigracja";1;0
"640";3812491061;0;1;FALSE;"Prezydent do pielgrzymów: bêdê patronowa³ dialogowi w sprawach spo³ecznych";0;1;"czêstochowa,œl¹sk";1;0
"641";2620555968;0;1;FALSE;"Orlen Team: Sonik z Pucharem Œwiata";0;0;"orlen team,rafa³ sonik,auto œwiat";1;0
"642";5375796788;0;1;FALSE;"Tir wci¹gn¹³ ch³opca pod ko³a. 7-latek nie ¿yje";1;0;"gdañsk,puck,pomorze,wypadek,koszmar,dziecko,rower,chodnik,tir,ciê¿arówka,policja";1;0
"643";3792719007;1;0;TRUE;"Dawno, dawno temu: nowy klip w sieci";0;0;"dawno, dawno temu,film";1;0
"644";5552496743;2;0;TRUE;"Miley Cyrus zaœpiewa do filmu z Ellen Page";0;0;"miley cyrus,muzyka,ellen page";1;0
"645";5777013666;0;1;FALSE;"Spó³dzielcze kasy w³¹czaj¹ siê w ¿ycie spo³eczne";1;0;"informacje ze skok-ów,skok,skoki,unie kredytowe";1;0
"646";6008415322;1;0;TRUE;"Marcinkiewicz: Kaczyñski obra¿a Polaków! Miêczak!";1;0;"politycy,kazimierz marcinkiewicz,by³y premier kazimierz marcinkiewicz,jaros³aw kaczyñski,uchodŸcy,uchodŸcy z syrii";1;0
"647";5232484831;0;1;FALSE;"Beata Szyd³o: rolnicy potrzebuj¹ w rz¹dzie partnera";0;1;"kraj,magazyn rolnictwo,rolnictwo";1;0
"648";3449991068;0;1;FALSE;"Zobacz, jak rozprzestrzeniaj¹ siê wirusy";1;0;"komputery - nowoœci,wirusy,wirus komputerowy,zagro¿ony komputer,oprogramowanie,kaspersky lab,program antywirusowy";1;0
"649";3461740509;0;1;FALSE;"Prezydent Andrzej Duda przyj¹³ zwierzchnictwo nad si³ami zbrojnymi";0;1;"andrzej duda,kraj";1;0
"650";3495094692;0;1;FALSE;"Górale z Koœcieliska nie chc¹ uchodŸców";1;0;"kraków,szko³a,koœcielsko,uchodŸcy,¿ebranie,podhale,wójt";1;0
"651";3594975886;0;1;FALSE;"Pacjenci skar¿¹ siê na posi³ki w opolskich szpitalach";0;0;"opole";1;0
"652";5800342080;0;1;FALSE;"Dawna œl¹ska obyczajowoœæ i prawo w wiejskich ksiêgach s¹dowych";0;1;"tradycja,œl¹sk";1;0
"653";4198891782;0;1;FALSE;"Zjednoczona Lewica przeciw sprzeda¿y miejskiej dzia³ki Koœcio³owi";0;1;"koœció³ katolicki,lublin,wybory parlamentarne 2015";1;0
"654";4004569467;0;1;FALSE;"UE przed³u¿y³a o pó³ roku sankcje wizowe i finansowe w zwi¹zku z Ukrain¹";0;1;"kryzys na ukrainie,œwiat";0;0
"655";3775491224;0;1;FALSE;"Pañstwa koreañskie prowadz¹ rozmowy na temat rozwi¹zania konfliktu";0;1;"korea po³udniowa,korea pó³nocna,œwiat";0;0
"656";4761534503;0;1;FALSE;"W lipcu bezrobocie najni¿sze w historii regionu";0;1;"lubuskie";1;0
"657";2177553493;0;1;FALSE;"Wchodzi w ¿ycie ustawa o Radzie Dialogu Spo³ecznego";0;0;"rada dialogu spo³ecznego,kraj,zwi¹zek zawodowy,komisja trójstronna,wiadomoœci z rynku pracy,rz¹d";1;0
"658";2458076397;0;1;FALSE;"Na Kremlu rozmawiano o tym, jak obaliæ globalne rz¹dy USA";0;0;"œwiat,w³adimir putin,irlandia,ukraina,usa,rosja";1;0
"659";2864036901;0;1;FALSE;"UE i Wietnam uzgodni³y umowê o wolnym handlu";0;1;"wietnam,œwiat,magazyn handel,ue";1;0
"660";5813587403;1;0;TRUE;"Zdrada czy monogamia?";0;0;"zwi¹zek,facet,seks,zdrada,spo³eczeñstwo";1;0
"661";2782417965;1;0;TRUE;"W Walii powsta³ park wodny z najd³u¿sz¹ sztuczn¹ fal¹ dla surferów";0;1;"surfing,ofsajd";1;0
"662";2662590623;0;1;FALSE;"Michael Fassbender w adaptacji powieœci Jo Nesb??";0;0;"michael fassbender,film,jo nesbo,ksi¹¿ki,tomas alfredson";1;0
"663";2143371155;0;1;FALSE;"Juncker odrzuca krytykê KE ws. reakcji na kryzys migracyjny";0;1;"unia europejska,œwiat,imigracja";1;0
"664";3560569257;0;1;FALSE;"17 paŸdziernika – œwiêto spó³dzielczoœci finansowej";1;0;"informacje ze skok-ów,skok,reklama,spó³dzielczoœæ";1;0
"665";5464413059;0;1;FALSE;"Najwiêkszy w kraju blok elektrowni w Be³chatowie uruchomiony po awarii";0;1;"³ódŸ";1;0
"666";2104665037;0;1;FALSE;"Bryan Adams zapowiedzia³ nowy album";0;0;"bryan adams,muzyka,rock";1;0
"667";5206681464;0;1;FALSE;"Akcja ""Servier dla serca"" w Bydgoszczy";0;0;"kujawsko-pomorskie";1;0
"668";6095635547;0;1;FALSE;"Otwarcie 12. Miêdzynarodowego Salonu Lotniczego i Kosmicznego w Moskwie";0;1;"rosja,œwiat";1;0
"669";4746337520;0;1;FALSE;"Utrudnienia na skrzy¿owaniu Koœcielnej i Nad Wierzbakiem";0;0;"poznañ";1;0
"670";3491382715;0;1;FALSE;"Z³oty traci³ w poniedzia³ek przede wszystkim w stosunku do euro";0;1;"wiadomoœci walutowe,eurpln,usdpln";1;0
"671";5065129551;0;1;FALSE;"Chris Evans i Jared Leto w obsadzie ""The Girl On The Train""?";0;0;"chris evans,jared leto,film";1;0
"672";2236890757;1;0;TRUE;"Policjant pomóg³ dotrzeæ do domu niepe³nosprawnej 21-latce. Wzruszaj¹ce";0;0;"ciekawostki";1;0
"673";4328228837;0;1;FALSE;"Sejm: kluby za lepsz¹ ochron¹ powietrza w Polsce";0;1;"klimat,kraj,magazyn energetyka";1;0
"674";3295016824;0;1;FALSE;"Programy informacyjne TVP pod nowym kierownictwem maj¹ byæ mniej tabloidowe";0;0;"telewizja,magazyn media";0;0
"675";4033645760;0;1;FALSE;"Enea aktualizuje strategiê, zak³ada m.in zabezpieczenie dostaw paliw i innowacje";0;0;"enea,kraj,energetyka,energetyka i surowce,wiadomoœci gie³dowe (kraj)";1;0
"676";1876610993;0;1;FALSE;"Komisja Europejska zatwierdzi³a ju¿ wszystkie programy dla Polski";1;0;"fundusze europejskie 2014-2020,programy krajowe,programy regionalne,komisja europejska";0;0
"677";1892725699;0;2;FALSE;"EuroBasket: Czechy awansowa³y do æwieræfina³u";0;1;"eurobasket 2015,koszykówka,reprezentacja czech";1;0
"678";5067523020;0;1;FALSE;"Optymizm w sercach inwestorów";0;0;"komentarze walutowe";0;0
"679";2012290954;1;0;TRUE;"H&M rozwija sektor beauty";0;0;"uroda";1;0
"680";3853939545;0;1;FALSE;"Oficjalne wyniki referendum w województwie warmiñsko-mazurskim";0;1;"referendum w sprawie jow,olsztyn";1;0
"681";3210365895;0;1;FALSE;"Czy biuro podró¿y mo¿e podnieœæ cenê wycieczki?";0;1;"biura podró¿y,wakacje,turyœci,prawo,przepisy,wakacje 2015,abc,poradnik";1;0
"682";5744096744;1;0;TRUE;"H&M x Balmain - zobacz pierwsze projekty z kolekcji!";0;0;"sukienki mini,moda,newsy,trendy,czarna suknia,kozaki za kolano,czarne sukienki,sukienka czarna,sukienki czarne,kozaki damskie,kozaki 2015";1;0
"683";2331858795;0;1;FALSE;"MŒ w strzelectwie: z³ote medale Mosina i Huanga w trapie podwójnym";0;1;"strzelectwo";0;0
"684";3207205440;0;1;FALSE;"PiS pracuje nad programem dla górnictwa";0;1;"górnictwo,magazyn energetyka,prawo i sprawiedliwoœæ,beata szyd³o";1;0
"685";2187575441;0;1;FALSE;"Puchar Œwiata: Stephane Antiga krytycznie o postawie dru¿yny";0;0;"puchar œwiata w siatkówce – japonia 2015,reprezentacja polski,siatkówka,reprezentacje,stephane antiga";1;0
"686";2420480703;0;1;FALSE;"Samochody Google maj¹ problem z rowerzystami";0;0;"motoryzacja,technowinki";1;0
"687";5269433503;0;1;FALSE;"Policyjni ³owcy cieni obs³ug¹ wesela";0;0;"kraj";1;0
"688";2369745939;0;1;FALSE;"Opolskie: Zjednoczona Lewica zg³osi³a listê kandydatów do Sejmu";0;1;"lewica";0;0
"689";2755201307;0;1;FALSE;"Lublin: uczczono pamiêæ poety Józefa Czechowicza";0;1;"józef czechowicz,lublin";0;0
